{
  "format_version": "1.10.0",
  "minecraft:attachable": {
    "description": {
      "identifier": "wesl3y:chest_flor.player",
      "item": { "wesl3y:chest_flor": "query.owner_identifier == 'minecraft:player' || query.owner_identifier == 'minecraft:armor_stand'" },
      "materials": {
        "default": "armor",
        "enchanted": "armor_enchanted"
      },
      "textures": {
        "default": "textures/entity/chest_flor",
        "enchanted": "textures/items/chest_flor"
      },
      "geometry": {
        "default": "geometry.player.armor.chestplate"
      },
      "scripts": {
        "parent_setup": "variable.helmet_layer_visible = 0.0;"
      },
      "render_controllers": [ "controller.render.armor" ]
    }
  }
}
