{
  "format_version": "1.10.0",
  "minecraft:attachable": {
    "description": {
      "identifier": "wesl3y:titan_colossal.player",
      "item": { "wesl3y:titan_colossal": "query.owner_identifier == 'minecraft:player' || query.owner_identifier == 'minecraft:armor_stand'" },
      "materials": {
        "default": "skeleton",
        "enchanted": "armor_enchanted"
      },
      "textures": {
        "default": "textures/entity/titan_colossal",
        "enchanted": "textures/items/titan_colossal"
      },
      "geometry": {
        "default": "geometry.titan_colossal"
      },
      "scripts": {
        "parent_setup": "variable.helmet_layer_visible = 0.0;"
      },
      "render_controllers": [ "controller.render.armor" ]
    }
  }
}
