{
  "format_version": "1.10.0",
  "animation_controllers": {
    "controller.animation.3d": {
      "states": {
        "default": {
          "transitions": [
            {
              "walking": "(1.0)"
            }
          ],
          "on_entry": [
            "/testfor @e[type=fishing_hook]",
            "/effect @p levitation 1 15 true",
            "/function 3d"
          ]
        },
        "walking": {
          "transitions": [
            {
              "default": "(1.0)"
            }
          ],
          "on_entry": [
            "/testfor @e[type=fishing_hook]",
            "/effect @p levitation 1 15 true",
            "/function 3d"
          ]
        }
      }
    }
  }
}