{
  "format_version": "1.10.0",
  "animation_controllers": {
    "controller.animation.titan_attack": {
      "initial_state": "default",
      "states": {
        "default": {
          "transitions": [
            {
              "titan_attack": "query.is_using_item > 0 && query.get_equipped_item_name('main_hand') == 'titan_attack'"
            }
          ]
        },
        "titan_attack": {
          "transitions": [
            {
              "default": "query.is_using_item == 0 || query.get_equipped_item_name('main_hand') != 'titan_attack'"
            }
          ],
          "on_entry": [
            "/effect @s clear",
            "/lightning_bolt",
            "/gamerule falldamage false",
            "/replaceitem entity @p slot.armor.head 1 wesl3y:titan_attack",
            "/replaceitem entity @p slot.weapon.mainhand 0 air"
          ]
        }
      }
    },
    "controller.animation.titan_colossal": {
      "initial_state": "default",
      "states": {
        "default": {
          "transitions": [
            {
              "titan_colossal": "query.is_using_item > 0 && query.get_equipped_item_name('main_hand') == 'titan_colossal'"
            }
          ]
        },
        "titan_colossal": {
          "transitions": [
            {
              "default": "query.is_using_item == 0 || query.get_equipped_item_name('main_hand') != 'titan_colossal'"
            }
          ],
          "on_entry": [
            "/effect @p clear",
            "/lightning_bolt",
            "/replaceitem entity @p slot.armor.head 1 wesl3y:titan_colossal",
            "/replaceitem entity @p slot.weapon.mainhand 0 air"
          ]
        }
      }
    },
    "controller.animation.titan_armored": {
      "initial_state": "default",
      "states": {
        "default": {
          "transitions": [
            {
              "titan_armored": "query.is_using_item > 0 && query.get_equipped_item_name('main_hand') == 'titan_armored'"
            }
          ]
        },
        "titan_armored": {
          "transitions": [
            {
              "default": "query.is_using_item == 0 || query.get_equipped_item_name('main_hand') != 'titan_armored'"
            }
          ],
          "on_entry": [
            "/effect @p clear",
            "/lightning_bolt",
            "/gamerule falldamage false",
            "/replaceitem entity @p slot.armor.head 1 wesl3y:titan_armored",
            "/replaceitem entity @p slot.weapon.mainhand 0 air"
          ]
        }
      }
    },
    "controller.animation.titan_femea": {
      "initial_state": "default",
      "states": {
        "default": {
          "transitions": [
            {
              "titan_femea": "query.is_using_item > 0 && query.get_equipped_item_name('main_hand') == 'titan_femea'"
            }
          ]
        },
        "titan_femea": {
          "transitions": [
            {
              "default": "query.is_using_item == 0 || query.get_equipped_item_name('main_hand') != 'titan_femea'"
            }
          ],
          "on_entry": [
            "/effect @p clear",
            "/lightning_bolt",
            "/gamerule falldamage false",
            "/replaceitem entity @p slot.armor.head 1 wesl3y:titan_femea",
            "/replaceitem entity @p slot.weapon.mainhand 0 air"
          ]
        }
      }
    },
    "controller.animation.titan_femea_armor": {
      "initial_state": "default",
      "states": {
        "default": {
          "transitions": [
            {
              "titan_femea_armor": "query.is_using_item > 0 && query.get_equipped_item_name('main_hand') == 'titan_femea_armor'"
            }
          ]
        },
        "titan_femea_armor": {
          "transitions": [
            {
              "default": "query.is_using_item == 0 || query.get_equipped_item_name('main_hand') != 'titan_femea_armor'"
            }
          ],
          "on_entry": [
            "/effect @p clear",
            "/gamerule falldamage false",
            "/replaceitem entity @p slot.armor.head 1 wesl3y:titan_femea_armor",
            "/replaceitem entity @p slot.weapon.mainhand 0 air"
          ]
        }
      }
    },
    "controller.animation.modo_berserker": {
      "initial_state": "default",
      "states": {
        "default": {
          "transitions": [
            {
              "modo_berserker": "query.is_using_item > 0 && query.get_equipped_item_name('main_hand') == 'modo_berserker'"
            }
          ]
        },
        "modo_berserker": {
          "transitions": [
            {
              "default": "query.is_using_item == 0 || query.get_equipped_item_name('main_hand') != 'modo_berserker'"
            }
          ],
          "on_entry": [
            "/effect @p clear",
            "/gamerule falldamage false",
            "/replaceitem entity @p slot.armor.head 1 wesl3y:modo_berserker",
            "/replaceitem entity @p slot.weapon.mainhand 0 air"
          ]
        }
      }
    },
    "controller.animation.chest_asa": {
      "initial_state": "default",
      "states": {
        "default": {
          "transitions": [
            {
              "chest_asa": "query.is_using_item > 0 && query.get_equipped_item_name('main_hand') == 'chest_asa'"
            }
          ]
        },
        "chest_asa": {
          "transitions": [
            {
              "default": "query.is_using_item == 0 || query.get_equipped_item_name('main_hand') != 'chest_asa'"
            }
          ],
          "on_entry": [
            "/effect @p clear",
            "/replaceitem entity @p slot.armor.head 1 wesl3y:chest_asa",
            "/replaceitem entity @p slot.weapon.mainhand 0 air"
          ]
        }
      }
    },
    "controller.animation.chest_cavalo": {
      "initial_state": "default",
      "states": {
        "default": {
          "transitions": [
            {
              "chest_cavalo": "query.is_using_item > 0 && query.get_equipped_item_name('main_hand') == 'chest_cavalo'"
            }
          ]
        },
        "chest_cavalo": {
          "transitions": [
            {
              "default": "query.is_using_item == 0 || query.get_equipped_item_name('main_hand') != 'chest_cavalo'"
            }
          ],
          "on_entry": [
            "/effect @p clear",
            "/gamerule falldamage false",
            "/replaceitem entity @p slot.armor.head 1 wesl3y:chest_cavalo",
            "/replaceitem entity @p slot.weapon.mainhand 0 air"
          ]
        }
      }
    },
    "controller.animation.chest_flor": {
      "initial_state": "default",
      "states": {
        "default": {
          "transitions": [
            {
              "chest_flor": "query.is_using_item > 0 && query.get_equipped_item_name('main_hand') == 'chest_flor'"
            }
          ]
        },
        "chest_flor": {
          "transitions": [
            {
              "default": "query.is_using_item == 0 || query.get_equipped_item_name('main_hand') != 'chest_flor'"
            }
          ],
          "on_entry": [
            "/effect @p clear",
            "/gamerule falldamage false",
            "/replaceitem entity @p slot.armor.head 1 wesl3y:chest_flor",
            "/replaceitem entity @p slot.weapon.mainhand 0 air"
          ]
        }
      }
    },
    "controller.animation.manobra_3d": {
      "initial_state": "default",
      "states": {
        "default": {
          "transitions": [
            {
              "manobra_3d": "query.is_using_item > 0 && query.get_equipped_item_name('main_hand') == 'manobra_3d'"
            }
          ]
        },
        "manobra_3d": {
          "transitions": [
            {
              "default": "query.is_using_item == 0 || query.get_equipped_item_name('main_hand') != 'manobra_3d'"
            }
          ],
          "on_entry": [
            "/effect @p clear",
            "/gamerule falldamage false",
            "/replaceitem entity @p slot.armor.head 1 wesl3y:manobra_3d",
            "/replaceitem entity @p slot.weapon.mainhand 0 air"
          ]
        }
      }
    }
  }
}