{
	"format_version": "1.12.0",
	"minecraft:geometry": [
		{
			"description": {
				"identifier": "geometry.espada",
				"texture_width": 32,
				"texture_height": 32,
				"visible_bounds_width": 3,
				"visible_bounds_height": 3,
				"visible_bounds_offset": [0, 0.5, 0]
			},
			"bones": [
				{
					"name": "rightarm",
					"pivot": [-5, 22, 0]
				},
				{
					"name": "espada",
					"parent": "rightarm",
					"pivot": [18, -6.4641, 23.9282],
					"cubes": [
						{"origin": [-5.5, 11.57468, -27.44667], "size": [0, 1.4, 1.5], "pivot": [0, -0.92532, -20.74667], "rotation": [-30, 0, 0], "uv": [0, 0]},
						{"origin": [-5.5, 15.84327, -16.85031], "size": [0, 1.15, 0.5], "pivot": [0, 3.34327, -10.15031], "rotation": [17.5, 0, 0], "uv": [0, 0]},
						{"origin": [-5.5, 14, -20], "size": [0, 0.5, 1], "uv": [0, 0]},
						{"origin": [-5.5, 13.7, -20.3], "size": [0, 0.8, 1], "uv": [0, 0]},
						{"origin": [-5.5, 12.5, -19], "size": [0, 2, 16], "uv": [0, 0]},
						{"origin": [-6, 12.5359, -3.0718], "size": [1, 2, 6], "uv": [0, 0]}
					]
				},
				{
					"name": "leftarm",
					"pivot": [0, 22, 0],
					"cubes": [
						{"origin": [5.5, 12.5, -19], "size": [0, 2, 16], "uv": [0, 0], "mirror": true},
						{"origin": [5.5, 14, -20], "size": [0, 0.5, 1], "uv": [0, 0], "mirror": true},
						{"origin": [5.5, 13.7, -20.3], "size": [0, 0.8, 1], "uv": [0, 0], "mirror": true},
						{"origin": [5.5, 11.57468, -27.44667], "size": [0, 1.4, 1.5], "pivot": [0, -0.92532, -20.74667], "rotation": [-30, 0, 0], "uv": [0, 0], "mirror": true},
						{"origin": [5.5, 15.84327, -16.85031], "size": [0, 1.15, 0.5], "pivot": [0, 3.34327, -10.15031], "rotation": [17.5, 0, 0], "uv": [0, 0], "mirror": true},
						{"origin": [5, 12.5359, -3.0718], "size": [1, 2, 6], "uv": [0, 0]}
					]
				}
			]
		}
	]
}