{
	"format_version": "1.12.0",
	"minecraft:geometry": [
		{
			"description": {
				"identifier": "geometry.knocked_titan_armored",
				"texture_width": 64,
				"texture_height": 64,
				"visible_bounds_width": 3,
				"visible_bounds_height": 4.5,
				"visible_bounds_offset": [0, 0.75, 0]
			},
			"bones": [
				{
					"name": "head",
					"pivot": [0, 4, 7],
					"rotation": [-90, 0, 0],
					"cubes": [
						{"origin": [-4, 4, 3], "size": [8, 8, 8], "inflate": 0.5, "uv": [0, 0]},
						{"origin": [-3, 12, 3], "size": [6, 1, 8], "uv": [16, 24]},
						{"origin": [-4, 12, 4], "size": [8, 1, 6], "uv": [24, 0]}
					]
				},
				{
					"name": "body",
					"pivot": [0, 2, 6],
					"rotation": [-90, 0, 0],
					"cubes": [
						{"origin": [-4, -10, 4], "size": [8, 12, 4], "inflate": 0.25, "uv": [0, 16]},
						{"origin": [-4, -3, 3], "size": [3, 3, 1], "uv": [0, 0]},
						{"origin": [1, -3, 3], "size": [3, 3, 1], "uv": [0, 0]},
						{"origin": [1, -6, 3], "size": [2, 2, 1], "uv": [0, 4]},
						{"origin": [1, -9, 3], "size": [2, 2, 1], "uv": [0, 4]},
						{"origin": [-3, -6, 3], "size": [2, 2, 1], "uv": [0, 4]},
						{"origin": [-3, -9, 3], "size": [2, 2, 1], "uv": [0, 4]}
					]
				},
				{
					"name": "rightleg",
					"pivot": [-1.9, 2, -6],
					"rotation": [-90, 0, 0],
					"cubes": [
						{"origin": [-4, -10, -8], "size": [4, 12, 4], "inflate": 0.25, "uv": [32, 33]},
						{"origin": [-3.1, -5, -9], "size": [2, 2, 1], "uv": [0, 4]},
						{"origin": [-5, -6, -9], "size": [3, 7, 6], "uv": [42, 17]}
					]
				},
				{
					"name": "leftleg",
					"pivot": [1.9, 2, -6],
					"rotation": [-90, 0, 0],
					"cubes": [
						{"origin": [0, -10, -8], "size": [4, 12, 4], "inflate": 0.25, "uv": [16, 33]},
						{"origin": [0.9, -5, -9], "size": [2, 2, 1], "uv": [0, 4]},
						{"origin": [2, -6, -9], "size": [3, 7, 6], "uv": [42, 17]}
					]
				},
				{
					"name": "leftarm",
					"pivot": [5, 2, 3],
					"rotation": [-90, 0, 0],
					"cubes": [
						{"origin": [4, -9, 1], "size": [4, 12, 4], "inflate": 0.25, "uv": [32, 7]},
						{"origin": [5, -10, 2], "size": [1, 1, 2], "uv": [20, 16]},
						{"origin": [4, 1, 0], "size": [5, 3, 6], "uv": [42, 43]},
						{"origin": [6, -7, 0], "size": [3, 7, 6], "uv": [42, 17]}
					]
				},
				{
					"name": "bone6",
					"parent": "leftarm",
					"pivot": [-5, 2, 3],
					"cubes": [
						{"origin": [6, -10, 1], "size": [2, 1, 4], "uv": [24, 19]}
					]
				},
				{
					"name": "bone7",
					"parent": "bone6",
					"pivot": [-5, 2, 3],
					"cubes": [
						{"origin": [5, -10, 3], "size": [1, 1, 1], "pivot": [6, -7, 3], "rotation": [-47.5, 0, 0], "uv": [0, 16]}
					]
				},
				{
					"name": "rightarm",
					"pivot": [-5, 2, 3],
					"rotation": [-90, 0, 0],
					"cubes": [
						{"origin": [-8, -9, 1], "size": [4, 12, 4], "inflate": 0.25, "uv": [0, 32]},
						{"origin": [-6, -10, 2], "size": [1, 1, 2], "uv": [20, 16]},
						{"origin": [-9, 1, 0], "size": [5, 3, 6], "uv": [42, 43]},
						{"origin": [-9, -7, 0], "size": [3, 7, 6], "uv": [42, 17]}
					]
				},
				{
					"name": "bone4",
					"parent": "rightarm",
					"pivot": [-5, 2, 3],
					"cubes": [
						{"origin": [-8, -10, 1], "size": [2, 1, 4], "uv": [24, 19]}
					]
				},
				{
					"name": "bone5",
					"parent": "bone4",
					"pivot": [-5, 2, 3],
					"cubes": [
						{"origin": [-6, -10, 3], "size": [1, 1, 1], "pivot": [-5, -7, 3], "rotation": [-47.5, 0, 0], "uv": [0, 16]}
					]
				}
			]
		}
	]
}