{
	"format_version": "1.12.0",
	"minecraft:geometry": [
		{
			"description": {
				"identifier": "geometry.knocked_titan_femea",
				"texture_width": 64,
				"texture_height": 64,
				"visible_bounds_width": 3,
				"visible_bounds_height": 4.5,
				"visible_bounds_offset": [0, 0.75, 0]
			},
			"bones": [
				{
					"name": "head",
					"pivot": [0, 4, 7],
					"rotation": [-90, 0, 0],
					"cubes": [
						{"origin": [-4, 4, 3], "size": [8, 8, 8], "inflate": 0.5, "uv": [0, 0]},
						{"origin": [-3, 12, 3], "size": [6, 1, 8], "uv": [16, 24]},
						{"origin": [-4, 12, 4], "size": [8, 1, 6], "uv": [24, 0]}
					]
				},
				{
					"name": "bone",
					"parent": "head",
					"pivot": [0, 4, 7],
					"cubes": [
						{"origin": [-3, 8, 2], "size": [1, 4, 1], "pivot": [-2, 4, 2], "rotation": [0, 0, 15], "uv": [24, 0]},
						{"origin": [-2, 9, 2], "size": [1, 3, 1], "pivot": [-2, 4, 2], "rotation": [0, 0, 15], "uv": [20, 16]}
					]
				},
				{
					"name": "bone2",
					"parent": "head",
					"pivot": [0, 4, 7],
					"cubes": [
						{"origin": [5, 8, 2], "size": [1, 3, 1], "pivot": [4, 4, 2], "rotation": [0, 0, -12.5], "uv": [20, 16]},
						{"origin": [5, 6, 4], "size": [1, 3, 1], "pivot": [4, 4, 2], "rotation": [0, 0, -12.5], "uv": [20, 16]},
						{"origin": [5, 7, 3], "size": [1, 3, 1], "pivot": [4, 4, 2], "rotation": [0, 0, -12.5], "uv": [20, 16]},
						{"origin": [5, 5, 5], "size": [1, 4, 1], "pivot": [4, 4, 2], "rotation": [0, 0, -12.5], "uv": [4, 3]},
						{"origin": [5, 5, 6], "size": [1, 4, 4], "pivot": [4, 4, 2], "rotation": [0, 0, -12.5], "uv": [44, 19]}
					]
				},
				{
					"name": "bone3",
					"parent": "head",
					"pivot": [0, 4, 7],
					"cubes": [
						{"origin": [-4, 8, 2], "size": [1, 3, 1], "pivot": [-3, 13, 2], "rotation": [0, 0, 12.5], "uv": [0, 16]},
						{"origin": [-4, 7, 3], "size": [1, 3, 1], "pivot": [-3, 13, 2], "rotation": [0, 0, 12.5], "uv": [0, 16]},
						{"origin": [-4, 6, 4], "size": [1, 3, 1], "pivot": [-3, 13, 2], "rotation": [0, 0, 12.5], "uv": [0, 16]},
						{"origin": [-4, 5, 5], "size": [1, 4, 1], "pivot": [-3, 13, 2], "rotation": [0, 0, 12.5], "uv": [0, 3]},
						{"origin": [-4, 5, 6], "size": [1, 4, 4], "pivot": [-3, 13, 2], "rotation": [0, 0, 12.5], "uv": [36, 23]}
					]
				},
				{
					"name": "body",
					"pivot": [0, 2, 6],
					"rotation": [-90, 0, 0],
					"cubes": [
						{"origin": [-4, -10, 4], "size": [8, 12, 4], "inflate": 0.25, "uv": [0, 16]}
					]
				},
				{
					"name": "rightleg",
					"pivot": [-1.9, 2, -6],
					"rotation": [-90, 0, 0],
					"cubes": [
						{"origin": [-4, -10, -8], "size": [4, 12, 4], "inflate": 0.25, "uv": [32, 33]}
					]
				},
				{
					"name": "leftleg",
					"pivot": [1.9, 2, -6],
					"rotation": [-90, 0, 0],
					"cubes": [
						{"origin": [0, -10, -8], "size": [4, 12, 4], "inflate": 0.25, "uv": [16, 33]}
					]
				},
				{
					"name": "leftarm",
					"pivot": [5, 2, 4],
					"rotation": [-90, 0, 0],
					"cubes": [
						{"origin": [4, -8, 2], "size": [4, 12, 4], "inflate": 0.25, "uv": [32, 7]},
						{"origin": [5, -9, 3], "size": [1, 1, 2], "uv": [0, 0]}
					]
				},
				{
					"name": "bone6",
					"parent": "leftarm",
					"pivot": [-5, 2, 4],
					"cubes": [
						{"origin": [6, -9, 2], "size": [2, 1, 4], "uv": [24, 19]}
					]
				},
				{
					"name": "bone7",
					"parent": "bone6",
					"pivot": [-5, 2, 4],
					"cubes": [
						{"origin": [5, -9, 4], "size": [1, 1, 1], "pivot": [6, -7, 4], "rotation": [-47.5, 0, 0], "uv": [4, 0]}
					]
				},
				{
					"name": "rightarm",
					"pivot": [-5, 2, 4],
					"rotation": [-90, 0, 0],
					"cubes": [
						{"origin": [-8, -8, 2], "size": [4, 12, 4], "inflate": 0.25, "uv": [0, 32]},
						{"origin": [-6, -9, 3], "size": [1, 1, 2], "uv": [0, 0]}
					]
				},
				{
					"name": "bone4",
					"parent": "rightarm",
					"pivot": [-5, 2, 4],
					"cubes": [
						{"origin": [-8, -9, 2], "size": [2, 1, 4], "uv": [24, 19]}
					]
				},
				{
					"name": "bone5",
					"parent": "bone4",
					"pivot": [-5, 2, 4],
					"cubes": [
						{"origin": [-6, -9, 4], "size": [1, 1, 1], "pivot": [-5, -7, 4], "rotation": [-47.5, 0, 0], "uv": [4, 0]}
					]
				}
			]
		}
	]
}