{
	"format_version": "1.12.0",
	"minecraft:geometry": [
		{
			"description": {
				"identifier": "geometry.manobra_3d",
				"texture_width": 64,
				"texture_height": 64,
				"visible_bounds_width": 3,
				"visible_bounds_height": 3.5,
				"visible_bounds_offset": [0, 0.25, 0]
			},
			"bones": [
				{
					"name": "body",
					"pivot": [0, 24, 0],
					"mirror": true,
					"cubes": [
						{"origin": [4.1, 5.9, -5.5], "size": [3, 3, 0.5], "uv": [0, 34], "mirror": false},
						{"origin": [4.1, 5.9, 8], "size": [3, 3, 0.5], "uv": [33, 21], "mirror": false},
						{"origin": [-7.1, 5.9, 8], "size": [3, 3, 0.5], "uv": [33, 18], "mirror": false},
						{"origin": [-7.1, 5.9, -5.5], "size": [3, 3, 0.5], "uv": [29, 24], "mirror": false},
						{"origin": [5.9, 5.6, -6], "size": [0.5, 2.9, 0.5], "uv": [0, 0], "mirror": false},
						{"origin": [4.9, 5.6, -6], "size": [0.5, 2.9, 0.5], "uv": [0, 0], "mirror": false},
						{"origin": [-5.2, 5.6, -6], "size": [0.5, 2.9, 0.5], "uv": [0, 0], "mirror": false},
						{"origin": [-6.3, 5.6, -6], "size": [0.5, 2.9, 0.5], "uv": [0, 0], "mirror": false},
						{"origin": [3.8, 5.5, -5], "size": [3.5, 4, 13], "uv": [0, 17], "mirror": false},
						{"origin": [4.8, 9.5, -1], "size": [1.5, 1.3, 8], "uv": [19, 0], "mirror": false},
						{"origin": [-6.3, 9.5, -1], "size": [1.5, 1.3, 8], "uv": [19, 19], "mirror": false},
						{"origin": [5.3, 9.8, -1.5], "size": [0.5, 0.5, 0.5], "uv": [0, 0], "mirror": false},
						{"origin": [-5.8, 9.8, -1.5], "size": [0.5, 0.5, 0.5], "uv": [0, 0], "mirror": false},
						{"origin": [6.5, 5.5, 0], "size": [1, 7, 1], "uv": [23, 17], "mirror": false},
						{"origin": [-7.5, 5.5, 0], "size": [1, 7, 1], "uv": [23, 0], "mirror": false},
						{"origin": [6.5, 6.80383, 0.63552], "size": [1, 1, 4], "uv": [0, 22], "mirror": false},
						{"origin": [-7.5, 6.80383, 0.63552], "size": [1, 1, 4], "uv": [0, 17], "mirror": false},
						{"origin": [3.5, 6.80383, 0.63552], "size": [1, 1, 4], "uv": [0, 5], "mirror": false},
						{"origin": [-4.5, 6.80383, 0.63552], "size": [1, 1, 4], "uv": [0, 0], "mirror": false},
						{"origin": [6.5, 5.5, 4.09631], "size": [1, 6.5, 1], "uv": [32, 11], "mirror": false},
						{"origin": [-7.5, 5.5, 4.09631], "size": [1, 6.5, 1], "uv": [32, 32], "mirror": false},
						{"origin": [3.5, 5.5, 4.09631], "size": [1, 6.5, 1], "uv": [29, 17], "mirror": false},
						{"origin": [-4.5, 5.5, 4.09631], "size": [1, 6.5, 1], "uv": [29, 0], "mirror": false},
						{"origin": [3.5, 5.5, 0], "size": [1, 7, 1], "uv": [19, 0], "mirror": false},
						{"origin": [-4.5, 5.5, 0], "size": [1, 7, 1], "uv": [19, 19], "mirror": false},
						{"origin": [-7.2, 5.5, -5], "size": [3.5, 4, 13], "uv": [0, 0], "mirror": false},
						{"origin": [-4, 12, -2.3], "size": [8, 1, 0.3], "uv": [48, 0], "mirror": false},
						{"origin": [-1, 20, -2.3], "size": [2, 1, 0.3], "uv": [60, 0], "mirror": false},
						{"origin": [1, 13, -2.3], "size": [1, 8, 0.3], "uv": [62, 0], "mirror": false},
						{"origin": [2, 20, -2.3], "size": [1, 3, 0.3], "uv": [62, 0], "mirror": false},
						{"origin": [0.5, 20, 2], "size": [1, 3, 0.3], "uv": [62, 0], "mirror": false},
						{"origin": [-1.5, 20, 2], "size": [1, 3, 0.3], "uv": [62, 0], "mirror": false},
						{"origin": [-3, 20, -2.3], "size": [1, 3, 0.3], "uv": [62, 0], "mirror": false},
						{"origin": [-2, 13, -2.3], "size": [1, 8, 0.3], "uv": [62, 0], "mirror": false},
						{"origin": [-0.5, 13, 2], "size": [1, 8, 0.3], "uv": [62, 0], "mirror": false},
						{"origin": [-4.3, 12, -2.3], "size": [0.3, 1, 4.6], "uv": [56, 0], "mirror": false},
						{"origin": [4, 12, -2.3], "size": [0.3, 1, 4.6], "uv": [56, 0], "mirror": false},
						{"origin": [-4, 12, 2], "size": [8, 1, 0.3], "uv": [48, 0], "mirror": false},
						{"origin": [-7, 12, 0], "size": [3, 1, 1], "uv": [27, 28], "mirror": false},
						{"origin": [-7, 12, 4], "size": [3, 1, 1], "uv": [19, 28], "mirror": false},
						{"origin": [4, 12, 4], "size": [3, 1, 1], "uv": [0, 27], "mirror": false},
						{"origin": [4, 12, 0], "size": [3, 1, 1], "uv": [19, 11], "mirror": false}
					]
				}
			]
		}
	]
}