{
	"format_version": "1.12.0",
	"minecraft:geometry": [
		{
			"description": {
				"identifier": "geometry.titan_armored",
				"texture_width": 64,
				"texture_height": 64,
				"visible_bounds_width": 3,
				"visible_bounds_height": 4.5,
				"visible_bounds_offset": [0, 0.75, 0]
			},
			"bones": [
				{
					"name": "head",
					"pivot": [0, 24, 0],
					"cubes": [
						{"origin": [-4, 24, -4], "size": [8, 8, 8], "inflate": 0.5, "uv": [0, 0]},
						{"origin": [-3, 32, -4], "size": [6, 1, 8], "uv": [16, 24]},
						{"origin": [-4, 32, -3], "size": [8, 1, 6], "uv": [24, 0]}
					]
				},
				{
					"name": "body",
					"pivot": [0, 24, 0],
					"cubes": [
						{"origin": [-4, 12, -2], "size": [8, 12, 4], "inflate": 0.25, "uv": [0, 16]},
						{"origin": [-4, 19, -3], "size": [3, 3, 1], "uv": [0, 0]},
						{"origin": [1, 19, -3], "size": [3, 3, 1], "uv": [0, 0]},
						{"origin": [1, 16, -3], "size": [2, 2, 1], "uv": [0, 4]},
						{"origin": [1, 13, -3], "size": [2, 2, 1], "uv": [0, 4]},
						{"origin": [-3, 16, -3], "size": [2, 2, 1], "uv": [0, 4]},
						{"origin": [-3, 13, -3], "size": [2, 2, 1], "uv": [0, 4]}
					]
				},
				{
					"name": "rightleg",
					"pivot": [-1.9, 12, 0],
					"cubes": [
						{"origin": [-4, 0, -2], "size": [4, 12, 4], "inflate": 0.25, "uv": [32, 33]},
						{"origin": [-3.1, 5, -3], "size": [2, 2, 1], "uv": [0, 4]},
						{"origin": [-5, 4, -3], "size": [3, 7, 6], "uv": [42, 17]}
					]
				},
				{
					"name": "leftleg",
					"pivot": [1.9, 12, 0],
					"cubes": [
						{"origin": [0, 0, -2], "size": [4, 12, 4], "inflate": 0.25, "uv": [16, 33]},
						{"origin": [0.9, 5, -3], "size": [2, 2, 1], "uv": [0, 4]},
						{"origin": [2, 4, -3], "size": [3, 7, 6], "uv": [42, 17]}
					]
				},
				{
					"name": "leftarm",
					"pivot": [5, 22, 0],
					"cubes": [
						{"origin": [4, 12, -2], "size": [4, 12, 4], "inflate": 0.25, "uv": [32, 7]},
						{"origin": [5, 11, -1], "size": [1, 1, 2], "uv": [20, 16]},
						{"origin": [4, 22, -3], "size": [5, 3, 6], "uv": [42, 43]},
						{"origin": [6, 14, -3], "size": [3, 7, 6], "uv": [42, 17]}
					]
				},
				{
					"name": "bone6",
					"parent": "leftarm",
					"pivot": [-5, 22, 0],
					"cubes": [
						{"origin": [6, 11, -2], "size": [2, 1, 4], "uv": [24, 19]}
					]
				},
				{
					"name": "bone7",
					"parent": "bone6",
					"pivot": [-5, 22, 0],
					"cubes": [
						{"origin": [5, 11, 0], "size": [1, 1, 1], "pivot": [6, 13, 0], "rotation": [-47.5, 0, 0], "uv": [0, 16]}
					]
				},
				{
					"name": "rightarm",
					"pivot": [-5, 22, 0],
					"cubes": [
						{"origin": [-8, 12, -2], "size": [4, 12, 4], "inflate": 0.25, "uv": [0, 32]},
						{"origin": [-6, 11, -1], "size": [1, 1, 2], "uv": [20, 16]},
						{"origin": [-9, 22, -3], "size": [5, 3, 6], "uv": [42, 43]},
						{"origin": [-9, 14, -3], "size": [3, 7, 6], "uv": [42, 17]}
					]
				},
				{
					"name": "bone4",
					"parent": "rightarm",
					"pivot": [-5, 22, 0],
					"cubes": [
						{"origin": [-8, 11, -2], "size": [2, 1, 4], "uv": [24, 19]}
					]
				},
				{
					"name": "bone5",
					"parent": "bone4",
					"pivot": [-5, 22, 0],
					"cubes": [
						{"origin": [-6, 11, 0], "size": [1, 1, 1], "pivot": [-5, 13, 0], "rotation": [-47.5, 0, 0], "uv": [0, 16]}
					]
				}
			]
		}
	]
}