{
	"format_version": "1.10.0",
	"geometry.titan_regular": {
		"texturewidth": 64,
		"textureheight": 32,
		"visible_bounds_width": 2,
		"visible_bounds_height": 2,
		"visible_bounds_offset": [0, 1, 0],
		"bones": [
			{
				"name": "left_leg",
				"pivot": [2, 12, 6],
				"mirror": true,
				"cubes": [
					{"origin": [2, 0, 4], "size": [4, 12, 4], "uv": [0, 16]}
				]
			},
			{
				"name": "right_leg",
				"pivot": [-2, 12, 6],
				"cubes": [
					{"origin": [-6, 0, 4], "size": [4, 12, 4], "uv": [0, 16]}
				]
			},
			{
				"name": "body",
				"pivot": [0, 14, 0],
				"rotation": [-90, 0, 0],
				"cubes": [
					{"origin": [-4, 8, -2], "size": [8, 12, 4], "uv": [16, 16]}
				]
			},
			{
				"name": "right_arm",
				"pivot": [-2, 10, -6],
				"cubes": [
					{"origin": [-6, 0, -8], "size": [4, 12, 4], "uv": [40, 16]}
				]
			},
			{
				"name": "left_arm",
				"pivot": [2, 10, -6],
				"mirror": true,
				"cubes": [
					{"origin": [2, 0, -8], "size": [4, 12, 4], "uv": [40, 16]}
				]
			},
			{
				"name": "head",
				"pivot": [0, 13, -10],
				"cubes": [
					{"origin": [-4, 13, -14], "size": [8, 8, 8], "uv": [0, 0]}
				]
			}
		]
	}
}