{
	"format_version": "1.10.0",
	"geometry.warrior": {
		"texturewidth": 64,
		"textureheight": 64,
		"visible_bounds_width": 3,
		"visible_bounds_height": 3,
		"visible_bounds_offset": [0, 1.5, 0],
		"bones": [
			{
				"name": "body",
				"pivot": [0, 24, 0],
				"cubes": [
					{"origin": [-4, 12, -2], "size": [8, 12, 4], "uv": [28, 28]},
					{"origin": [4, 5, -3], "size": [2, 6, 4], "uv": [40, 16]},
					{"origin": [4, 5, 1], "size": [2, 6, 4], "uv": [40, 16]},
					{"origin": [4, 5, 6], "size": [2, 6, 4], "uv": [40, 16]},
					{"origin": [4, 5, 8], "size": [2, 6, 1], "uv": [0, 0], "inflate": 0.25},
					{"origin": [-6, 5, 5], "size": [2, 6, 1], "uv": [0, 0], "inflate": 0.25},
					{"origin": [-6, 5, -3], "size": [2, 6, 4], "uv": [40, 16]},
					{"origin": [-6, 5, 1], "size": [2, 6, 4], "uv": [40, 16]},
					{"origin": [4, 5, 5], "size": [2, 6, 1], "uv": [0, 0], "inflate": 0.25},
					{"origin": [-6, 5, 8], "size": [2, 6, 1], "uv": [0, 0], "inflate": 0.25},
					{"origin": [-6, 5, 6], "size": [2, 6, 4], "uv": [40, 16]}
				]
			},
			{
				"name": "head",
				"pivot": [0, 24, 0],
				"cubes": [
					{"origin": [-4, 24, -4], "size": [8, 8, 8], "uv": [0, 16]},
					{"origin": [-4, 24, -4], "size": [8, 8, 8], "uv": [0, 0], "inflate": 0.5},
					{"origin": [1.5, 27, -4.1], "size": [1, 1, 1], "uv": [0, 18]},
					{"origin": [-2.5, 27, -4.1], "size": [1, 1, 1], "uv": [0, 18]},
					{"origin": [-1, 24.5, -4.01], "size": [2, 1, 1], "uv": [0, 16]},
					{"origin": [-3, 28.5, -4.01], "size": [2, 1, 1], "uv": [0, 16]},
					{"origin": [1, 28.5, -4.01], "size": [2, 1, 1], "uv": [0, 16]}
				]
			},
			{
				"name": "rightarm",
				"pivot": [-5, 22, 0],
				"cubes": [
					{"origin": [-8, 12, -2], "size": [4, 12, 4], "uv": [16, 40]},
					{"origin": [-6, 11, -3], "size": [2, 2, 6], "uv": [24, 16]}
				]
			},
			{
				"name": "rightItem",
				"parent": "rightarm",
				"pivot": [-4, 16, 0]
			},
			{
				"name": "leftarm",
				"pivot": [5, 22, 0],
				"mirror": true,
				"cubes": [
					{"origin": [4, 12, -2], "size": [4, 12, 4], "uv": [16, 40]},
					{"origin": [4, 11, -3], "size": [2, 2, 6], "uv": [24, 16], "mirror": false}
				]
			},
			{
				"name": "rightleg",
				"pivot": [-1.9, 12, 0],
				"cubes": [
					{"origin": [-4, 0, -2], "size": [4, 12, 4], "uv": [32, 0]},
					{"origin": [-4, 0, -2], "size": [4, 12, 4], "uv": [0, 32], "inflate": 0.5}
				]
			},
			{
				"name": "leftleg",
				"pivot": [1.9, 12, 0],
				"mirror": true,
				"cubes": [
					{"origin": [0, 0, -2], "size": [4, 12, 4], "uv": [32, 0]},
					{"origin": [0, 0, -2], "size": [4, 12, 4], "uv": [0, 32], "inflate": 0.5}
				]
			}
		]
	}
}