{
  "resource_pack_name": "vanilla",
  "texture_name": "atlas.items",
  "texture_data": {
    "chest_asa": {
      "textures": "textures/items/chest_asa"
    },
    "chest_cavalo": {
      "textures": "textures/items/chest_cavalo"
    },
    "chest_flor": {
      "textures": "textures/items/chest_flor"
    },
    "crocket": {
      "textures": "textures/items/crocket"
    },
    "dna_titan_armored": {
      "textures": "textures/items/dna_titan_armored"
    },
    "dna_titan_attack": {
      "textures": "textures/items/dna_titan_attack"
    },
    "dna_titan_colossal": {
      "textures": "textures/items/dna_titan_colossal"
    },
    "dna_titan_femea": {
      "textures": "textures/items/dna_titan_femea"
    },
    "dna_titan": {
      "textures": "textures/items/dna_titan"
    },
    "espada": {
      "textures": "textures/items/espada"
    },
    "gas": {
      "textures": "textures/items/gas"
    },
    "lamina": {
      "textures": "textures/items/lamina"
    },
    "manobra_3d": {
      "textures": "textures/items/manobra_3d"
    },
    "modo_berserker": {
      "textures": "textures/items/modo_berserker"
    },
    "money": {
      "textures": "textures/items/money"
    },
    "spawn_titan": {
      "textures": "textures/items/spawn_titan"
    },
    "titan_armored": {
      "textures": "textures/items/titan_armored"
    },
    "titan_attack": {
      "textures": "textures/items/titan_attack"
    },
    "titan_colossal": {
      "textures": "textures/items/titan_colossal"
    },
    "titan_femea": {
      "textures": "textures/items/titan_femea"
    }
  }
}