{
  "format_version": "1.8.0",
  "minecraft:entity": {
	"description": {
      "identifier": "wesl3y:titan_armored_transform",
      "is_spawnable": false,
      "is_summonable": true,
      "is_experimental": false
    },
	
	"component_groups": {
	  "minecraft:transform": {
	    "minecraft:transformation": {
		  "into": "wesl3y:titan_armored",
		  "delay": 0.6,
          "transformation_sound": "remedy"
		},
	    "minecraft:spawn_entity": [
	      {
		    "min_wait_time": 0,
		    "max_wait_time": 0,
		    "spawn_entity": "lightning_bolt",
		    "single_use": true,
		    "num_to_spawn": 1
		  }
	    ]
	  }
	},
	
    "components": {
      "minecraft:fire_immune": true,
      "minecraft:type_family": {
        "family": [ "lightning" ]
      },
	  "minecraft:timer": {
	    "looping": false,
		"randomInterval": false,
		"time": 0.0000001,
		"time_down_event": {
		  "event": "minecraft:event_transform"
		}
	  },
      "minecraft:push_through": {
        "value": 1
      },
      "minecraft:collision_box": {
        "width": 0.000000001,
        "height": 0.000000001
      },
	  "minecraft:physics": {
      }
    },
	
	"events": {
	  "minecraft:event_transform": {
	    "add": {
		  "component_groups": [
		    "minecraft:transform"
		  ]
		}
	  }
	}
  }
}