{
	"format_version": "1.12.0",
	"minecraft:geometry": [
		{
			"description": {
				"identifier": "geometry.equip_3d",
				"texture_width": 48,
				"texture_height": 48,
				"visible_bounds_width": 3,
				"visible_bounds_height": 3,
				"visible_bounds_offset": [0, 0, 0]
			},
			"bones": [
				{
					"name": "body",
					"pivot": [0, 24, 0],
					"mirror": true,
					"cubes": [
						{"origin": [4.1, 4.9, -5.5], "size": [4, 4, 0.5], "uv": [1, 40], "mirror": false},
						{"origin": [4.1, 4.9, 8], "size": [4, 4, 0.5], "uv": [5, 39], "mirror": false},
						{"origin": [-8.1, 4.9, 8], "size": [4, 4, 0.5], "uv": [4, 36], "mirror": false},
						{"origin": [-8.1, 4.9, -5.5], "size": [4, 4, 0.5], "uv": [5, 29], "mirror": false},
						{"origin": [6.9, 5.6, -6], "size": [0.5, 2.9, 0.5], "uv": [42, 13], "mirror": false},
						{"origin": [5.9, 5.6, -6], "size": [0.5, 2.9, 0.5], "uv": [40, 10], "mirror": false},
						{"origin": [4.9, 5.6, -6], "size": [0.5, 2.9, 0.5], "uv": [44, 10], "mirror": false},
						{"origin": [-5.2, 5.6, -6], "size": [0.5, 2.9, 0.5], "uv": [45, 8], "mirror": false},
						{"origin": [-6.3, 5.6, -6], "size": [0.5, 2.9, 0.5], "uv": [43, 14], "mirror": false},
						{"origin": [-7.4, 5.6, -6], "size": [0.5, 2.9, 0.5], "uv": [41, 8], "mirror": false},
						{"origin": [3.8, 4.5, -5], "size": [4.5, 5, 13], "uv": [1, 4], "mirror": false},
						{"origin": [4.8, 9.5, -1], "size": [2.5, 2.3, 8], "uv": [6, 1], "mirror": false},
						{"origin": [-7.3, 9.5, -1], "size": [2.5, 2.3, 8], "uv": [9, 14], "mirror": false},
						{"origin": [5.3, 9.8, -1.5], "size": [1.5, 1.5, 0.5], "uv": [7, 33], "mirror": false},
						{"origin": [-6.8, 9.8, -1.5], "size": [1.5, 1.5, 0.5], "uv": [8, 35], "mirror": false},
						{"origin": [4.9, 10, -2], "size": [2.3, 1, 0.5], "uv": [40, 12], "mirror": false},
						{"origin": [-7.2, 10, -2], "size": [2.3, 1, 0.5], "uv": [40, 12]},
						{"origin": [7.5, 4.5, 0], "size": [1, 8, 1], "uv": [40, 2], "mirror": false},
						{"origin": [-8.5, 4.5, 0], "size": [1, 8, 1], "uv": [41, 14], "mirror": false},
						{"origin": [7.5, 6.80383, 0.63552], "size": [1, 1, 4], "uv": [37, 16], "mirror": false},
						{"origin": [-8.5, 6.80383, 0.63552], "size": [1, 1, 4], "uv": [37, 15], "mirror": false},
						{"origin": [3.5, 6.80383, 0.63552], "size": [1, 1, 4], "uv": [37, 19], "mirror": false},
						{"origin": [-4.5, 6.80383, 0.63552], "size": [1, 1, 4], "uv": [37, 13], "mirror": false},
						{"origin": [7.5, 4.5, 4.09631], "size": [1, 7.5, 1], "uv": [39, 14], "mirror": false},
						{"origin": [-8.5, 4.5, 4.09631], "size": [1, 7.5, 1], "uv": [42, 10], "mirror": false},
						{"origin": [3.5, 4.5, 4.09631], "size": [1, 7.5, 1], "uv": [42, 7], "mirror": false},
						{"origin": [-4.5, 4.5, 4.09631], "size": [1, 7.5, 1], "uv": [41, 9], "mirror": false},
						{"origin": [3.5, 4.5, 0], "size": [1, 8, 1], "uv": [41, 15], "mirror": false},
						{"origin": [-4.5, 4.5, 0], "size": [1, 8, 1], "uv": [40, 13], "mirror": false},
						{"origin": [3.8, 11.7, 0], "size": [4.5, 0.8, 1], "uv": [37, 18], "mirror": false},
						{"origin": [-8.3, 11.7, 0], "size": [4.5, 0.8, 1], "uv": [37, 17], "mirror": false},
						{"origin": [3.8, 11.23066, 4.09631], "size": [4.5, 0.8, 1], "uv": [37, 20], "mirror": false},
						{"origin": [-8.3, 11.23066, 4.09631], "size": [4.5, 0.8, 1], "uv": [37, 19], "mirror": false},
						{"origin": [-8.2, 4.5, -5], "size": [4.5, 5, 13], "uv": [1, 3], "mirror": false},
						{"origin": [-4, 12, -2.3], "size": [8, 1, 0.3], "uv": [28, 29], "mirror": false},
						{"origin": [-1, 20, -2.3], "size": [2, 1, 0.3], "uv": [9, 7], "mirror": false},
						{"origin": [1, 13, -2.3], "size": [1, 8, 0.3], "uv": [29, 37], "mirror": false},
						{"origin": [2, 21, -2.3], "size": [1, 3, 0.3], "uv": [22, 31], "mirror": false},
						{"origin": [0.5, 21, 2], "size": [1, 3, 0.3], "uv": [24, 30], "mirror": false},
						{"origin": [-1.5, 21, 2], "size": [1, 3, 0.3], "uv": [24, 39], "mirror": false},
						{"origin": [-3, 21, -2.3], "size": [1, 3, 0.3], "uv": [22, 32], "mirror": false},
						{"origin": [-2, 13, -2.3], "size": [1, 8, 0.3], "uv": [28, 40], "mirror": false},
						{"origin": [-0.5, 13, 2], "size": [1, 8, 0.3], "uv": [32, 31], "mirror": false},
						{"origin": [-4.3, 12, -2.3], "size": [0.3, 1, 4.6], "uv": [23, 31], "mirror": false},
						{"origin": [4, 12, -2.3], "size": [0.3, 1, 4.6], "uv": [29, 35], "mirror": false},
						{"origin": [-4, 12, 2], "size": [8, 1, 0.3], "uv": [30, 40], "mirror": false}
					]
				}
			]
		}
	]
}