{
	"format_version": "1.12.0",
	"minecraft:geometry": [
		{
			"description": {
				"identifier": "geometry.espada2",
				"texture_width": 48,
				"texture_height": 48,
				"visible_bounds_width": 3,
				"visible_bounds_height": 2,
				"visible_bounds_offset": [0, 0, 0]
			},
			"bones": [
				{
					"name": "root",
					"pivot": [0, 10, 0]
				},
				{
					"name": "waist",
					"parent": "root",
					"pivot": [0, 12, 0]
				},
				{
					"name": "body",
					"parent": "waist",
					"pivot": [0, 24, 0]
				},
				{
					"name": "leftArm",
					"parent": "body",
					"pivot": [0, 24, 0],
					"cubes": [
						{"origin": [5.5, 13, -3], "size": [1, 1, 6], "inflate": 0.5, "uv": [0, 0], "mirror": true},
						{"origin": [5.5, 12.5, -19], "size": [1, 2, 16], "uv": [0, 0], "mirror": true},
						{"origin": [5.5, 14, -20], "size": [1, 0.5, 1], "uv": [29, 16], "mirror": true},
						{"origin": [5.5, 13.7, -20.3], "size": [1, 0.8, 1], "uv": [29, 16], "mirror": true},
						{"origin": [5.5, 11.57468, -27.44667], "size": [1, 1.4, 1.5], "pivot": [0, -0.92532, -20.74667], "rotation": [-30, 0, 0], "uv": [0, 0], "mirror": true},
						{"origin": [5.5, 15.84327, -16.85031], "size": [1, 1.15, 0.5], "pivot": [0, 3.34327, -10.15031], "rotation": [17.5, 0, 0], "uv": [2, 1], "mirror": true}
					]
				},
				{
					"name": "rightarm",
					"parent": "body",
					"pivot": [-5, 23, 0]
				},
				{
					"name": "espada",
					"parent": "rightarm",
					"pivot": [18, -6.4641, 23.9282],
					"cubes": [
						{"origin": [-6.5, 13, -3], "size": [1, 1, 6], "inflate": 0.5, "uv": [0, 0]},
						{"origin": [-6.5, 11.57468, -27.44667], "size": [1, 1.4, 1.5], "pivot": [0, -0.92532, -20.74667], "rotation": [-30, 0, 0], "uv": [0, 0]},
						{"origin": [-6.5, 15.84327, -16.85031], "size": [1, 1.15, 0.5], "pivot": [0, 3.34327, -10.15031], "rotation": [17.5, 0, 0], "uv": [2, 1]},
						{"origin": [-6.5, 14, -20], "size": [1, 0.5, 1], "uv": [29, 16]},
						{"origin": [-6.5, 13.7, -20.3], "size": [1, 0.8, 1], "uv": [29, 16]},
						{"origin": [-6.5, 12.5, -19], "size": [1, 2, 16], "uv": [0, 0]}
					]
				}
			]
		}
	]
}