{
	"format_version": "1.10.0",
	"geometry.tita_colossal": {
		"texturewidth": 128,
		"textureheight": 128,
		"visible_bounds_width": 3,
		"visible_bounds_height": 3,
		"visible_bounds_offset": [0, 0, 0],
		"bones": [
			{
				"name": "body",
				"pivot": [0, 24, 0],
				"cubes": [
					{"origin": [-4, 12, -2], "size": [8, 12, 4], "uv": [0, 32]},
					{"origin": [-4.05, 11.95, -2.05], "size": [8.1, 12.1, 4.1], "uv": [28, 28]}
				]
			},
			{
				"name": "head",
				"pivot": [0, 24, 0],
				"cubes": [
					{"origin": [-4, 24, -4], "size": [8, 8, 8], "uv": [0, 16]},
					{"origin": [-4.05, 23.95, -4.05], "size": [8.1, 8.1, 8.1], "uv": [0, 0]}
				]
			},
			{
				"name": "rightArm",
				"pivot": [-5, 22, 0],
				"cubes": [
					{"origin": [-8, 12, -2], "size": [4, 12, 4], "uv": [56, 0]},
					{"origin": [-8.05, 11.95, -2.05], "size": [4.1, 12.1, 4.1], "uv": [52, 28]}
				]
			},
			{
				"name": "rightItem",
				"parent": "rightArm",
				"pivot": [-6, 15, 1]
			},
			{
				"name": "rightArm2",
				"parent": "rightArm",
				"pivot": [0, 0, 0]
			},
			{
				"name": "rightArm3",
				"parent": "rightArm2",
				"pivot": [-7, 0, 0]
			},
			{
				"name": "rightArm4",
				"parent": "rightArm3",
				"pivot": [-7, 0, 0],
				"cubes": [
					{"origin": [-7.40721, 11.18396, -2.05], "size": [1, 1, 4], "uv": [12, 60]}
				]
			},
			{
				"name": "rightArm5",
				"parent": "rightArm3",
				"pivot": [-19, 0, 0],
				"rotation": [0, 0, 50],
				"cubes": [
					{"origin": [-21.11571, 16.0695, -2.05], "size": [1, 1, 4], "uv": [58, 45]}
				]
			},
			{
				"name": "rightArm6",
				"parent": "rightArm3",
				"pivot": [-7, 0, 0],
				"rotation": [0, 0, -5],
				"cubes": [
					{"origin": [-5.43472, 11.08973, -2.05], "size": [1, 1, 4], "uv": [52, 44]}
				]
			},
			{
				"name": "rightArm7",
				"parent": "rightArm2",
				"pivot": [-14, 0, 0]
			},
			{
				"name": "rightArm8",
				"parent": "rightArm7",
				"pivot": [-14, 0, 0],
				"rotation": [-10, 0, 0],
				"cubes": [
					{"origin": [-5.95, 10.91247, -3.22793], "size": [1, 1, 1], "uv": [3, 5]}
				]
			},
			{
				"name": "rightArm9",
				"parent": "rightArm7",
				"pivot": [-26, 0, 0],
				"rotation": [5, 0, 0],
				"cubes": [
					{"origin": [-5.95, 11.11727, 0.67234], "size": [1, 1, 1], "uv": [0, 4]}
				]
			},
			{
				"name": "rightArm10",
				"parent": "rightArm7",
				"pivot": [-14, 0, 0],
				"rotation": [-40, 0, 0],
				"cubes": [
					{"origin": [-5.95, 7.83652, -9.2517], "size": [1, 1, 1], "uv": [3, 1]}
				]
			},
			{
				"name": "leftArm",
				"pivot": [5, 22, 0],
				"mirror": true,
				"cubes": [
					{"origin": [4, 12, -2], "size": [4, 12, 4], "uv": [52, 52], "mirror": false},
					{"origin": [3.95, 11.95, -2.05], "size": [4.1, 12.1, 4.1], "uv": [0, 48], "mirror": false}
				]
			},
			{
				"name": "leftArm2",
				"parent": "leftArm",
				"pivot": [0, 0, 0]
			},
			{
				"name": "leftArm3",
				"parent": "leftArm2",
				"pivot": [13, 0, 0]
			},
			{
				"name": "leftArm4",
				"parent": "leftArm3",
				"pivot": [13, 0, 0],
				"cubes": [
					{"origin": [6.40721, 11.18396, -2.05], "size": [1, 1, 4], "uv": [32, 22]}
				]
			},
			{
				"name": "leftArm5",
				"parent": "leftArm3",
				"pivot": [25, 0, 0],
				"rotation": [0, 0, -50],
				"cubes": [
					{"origin": [22.25898, 20.66577, -2.05], "size": [1, 1, 4], "uv": [30, 17]}
				]
			},
			{
				"name": "leftArm6",
				"parent": "leftArm3",
				"pivot": [13, 0, 0],
				"rotation": [0, 0, 5],
				"cubes": [
					{"origin": [4.45755, 10.5668, -2.05], "size": [1, 1, 4], "uv": [24, 16]}
				]
			},
			{
				"name": "leftArm11",
				"parent": "leftArm2",
				"pivot": [14, 0, 0]
			},
			{
				"name": "leftArm1",
				"parent": "leftArm11",
				"pivot": [14, 0, 0],
				"rotation": [-10, 0, 0],
				"cubes": [
					{"origin": [4.95, 10.91247, -3.22793], "size": [1, 1, 1], "uv": [3, 3]}
				]
			},
			{
				"name": "leftArm13",
				"parent": "leftArm11",
				"pivot": [26, 0, 0],
				"rotation": [5, 0, 0],
				"cubes": [
					{"origin": [4.95, 11.11727, 0.67234], "size": [1, 1, 1], "uv": [0, 2]}
				]
			},
			{
				"name": "leftArm14",
				"parent": "leftArm11",
				"pivot": [14, 0, 0],
				"rotation": [-40, 0, 0],
				"cubes": [
					{"origin": [4.95, 7.83652, -9.2517], "size": [1, 1, 1], "uv": [0, 0]}
				]
			},
			{
				"name": "rightLeg",
				"pivot": [-1.9, 12, 0],
				"cubes": [
					{"origin": [-3.9, 0, -2], "size": [4, 12, 4], "uv": [44, 12]},
					{"origin": [-3.95, -0.05, -2.05], "size": [4.1, 12.1, 4.1], "uv": [36, 44]}
				]
			},
			{
				"name": "leftLeg",
				"pivot": [1.9, 12, 0],
				"mirror": true,
				"cubes": [
					{"origin": [-0.1, 0, -2], "size": [4, 12, 4], "uv": [20, 44], "mirror": false},
					{"origin": [-0.15, -0.05, -2.05], "size": [4.1, 12.1, 4.1], "uv": [32, 0], "mirror": false}
				]
			}
		]
	}
}