{
	"format_version": "1.10.0",
	"geometry.tita_ataque": {
		"texturewidth": 128,
		"textureheight": 128,
		"visible_bounds_width": 3,
		"visible_bounds_height": 3,
		"visible_bounds_offset": [0, 0, 0],
		"bones": [
			{
				"name": "body",
				"pivot": [0, 24, 0],
				"cubes": [
					{"origin": [-4, 12, -2], "size": [8, 12, 4], "uv": [0, 32]},
					{"origin": [-4.05, 11.95, -2.05], "size": [8.1, 12.1, 4.1], "uv": [28, 28]}
				]
			},
			{
				"name": "head",
				"pivot": [0, 24, 0],
				"cubes": [
					{"origin": [-4, 24, -4], "size": [8, 8, 8], "uv": [0, 16]},
					{"origin": [-4.05, 23.95, -4.05], "size": [8.1, 8.1, 8.1], "uv": [0, 0]}
				]
			},
			{
				"name": "head2",
				"parent": "head",
				"pivot": [0, 24, 0],
				"cubes": [
					{"origin": [-1.6, 32.5, -4.4], "size": [3, 1, 9], "uv": [98, 97]},
					{"origin": [-2.6, 32.5, -3.4], "size": [1, 1, 7], "uv": [98, 82]},
					{"origin": [1.4, 32.5, -3.4], "size": [1, 1, 7], "uv": [98, 82]},
					{"origin": [-3.6, 32.5, -2.4], "size": [1, 1, 5], "uv": [98, 82]},
					{"origin": [2.4, 32.5, -2.4], "size": [1, 1, 5], "uv": [98, 82]},
					{"origin": [-4.6, 32, -3.4], "size": [1, 1, 7], "uv": [72, 109]},
					{"origin": [3.4, 32, -3.4], "size": [1, 1, 7], "uv": [72, 109]},
					{"origin": [-3.6, 32, -4.4], "size": [7, 1, 9], "uv": [72, 109]},
					{"origin": [-4.6, 30.3, -4.4], "size": [9, 1, 9], "uv": [87, 97]},
					{"origin": [-4.6, 31.3, -4.4], "size": [9, 1, 9], "uv": [87, 97]}
				]
			},
			{
				"name": "head3",
				"parent": "head",
				"pivot": [0, 20, 0],
				"rotation": [0, 0, -12.5],
				"cubes": [
					{"origin": [5.86385, 26.35918, -4.4], "size": [0.8, 3.6, 1], "uv": [82, 106]}
				]
			},
			{
				"name": "head31",
				"parent": "head",
				"pivot": [-8, 24, 0],
				"rotation": [0, 0, 17.5],
				"cubes": [
					{"origin": [-2.13615, 30.35918, -4.4], "size": [0.8, 3.6, 1], "uv": [94, 117]}
				]
			},
			{
				"name": "head32",
				"parent": "head",
				"pivot": [-9, 24, 0],
				"rotation": [0, 0, 15],
				"cubes": [
					{"origin": [-2.54139, 29.35274, -4.4], "size": [0.8, 4.6, 1], "uv": [92, 102]}
				]
			},
			{
				"name": "head33",
				"parent": "head",
				"pivot": [-9, 25, 0],
				"rotation": [0, 0, 12.5],
				"cubes": [
					{"origin": [-2.54139, 30.35274, -4.4], "size": [0.8, 4.6, 1], "uv": [85, 104]}
				]
			},
			{
				"name": "head34",
				"parent": "head",
				"pivot": [-10, 26, 0],
				"rotation": [0, 0, 12.5],
				"cubes": [
					{"origin": [-3.14866, 31.59288, -4.4], "size": [0.8, 3.6, 1], "uv": [99, 117]}
				]
			},
			{
				"name": "head30",
				"parent": "head",
				"pivot": [0, 20, 0],
				"cubes": [
					{"origin": [3.55033, 26.56542, -4.4], "size": [0.8, 4.6, 1], "uv": [98, 104]}
				]
			},
			{
				"name": "head28",
				"parent": "head",
				"pivot": [2, 21, 0],
				"rotation": [0, 0, 5],
				"cubes": [
					{"origin": [-5.38603, 27.17156, -4.4], "size": [1, 3.6, 1], "uv": [99, 96]}
				]
			},
			{
				"name": "head29",
				"parent": "head",
				"pivot": [6, 22, 0],
				"rotation": [0, 0, -5],
				"cubes": [
					{"origin": [-3.46413, 27.48446, -4.4], "size": [0.8, 4.6, 1], "uv": [94, 114]}
				]
			},
			{
				"name": "head4",
				"parent": "head",
				"pivot": [0, 24, 6],
				"rotation": [27.5, 0, 0]
			},
			{
				"name": "head27",
				"parent": "head",
				"pivot": [0, 24, 6],
				"rotation": [27.5, 0, 0],
				"cubes": [
					{"origin": [-4.6, 29.8347, 0.70719], "size": [1, 4.6, 1], "uv": [109, 99]},
					{"origin": [3.4, 29.8347, 0.70719], "size": [1, 4.6, 1], "uv": [109, 99]},
					{"origin": [-4.6, 30.72172, 0.16894], "size": [1, 4.6, 1], "uv": [104, 76]},
					{"origin": [3.4, 30.72172, 0.16894], "size": [1, 4.6, 1], "uv": [104, 76]}
				]
			},
			{
				"name": "head26",
				"parent": "head",
				"pivot": [0, 24, 6],
				"rotation": [27.5, 0, 0]
			},
			{
				"name": "head25",
				"parent": "head",
				"pivot": [0, 24, 6],
				"rotation": [27.5, 0, 0]
			},
			{
				"name": "head5",
				"parent": "head",
				"pivot": [-2, 24, 7],
				"rotation": [25, 0, 0]
			},
			{
				"name": "head24",
				"parent": "head",
				"pivot": [2, 24, 7],
				"rotation": [25, 0, 0],
				"cubes": [
					{"origin": [-4.6, 29.06014, 1.34981], "size": [1, 5.6, 1], "uv": [104, 112]},
					{"origin": [3.4, 29.06014, 1.34981], "size": [1, 5.6, 1], "uv": [104, 112]}
				]
			},
			{
				"name": "head6",
				"parent": "head",
				"pivot": [-2, 24, 8],
				"rotation": [25, 0, 0]
			},
			{
				"name": "head23",
				"parent": "head",
				"pivot": [2, 24, 8],
				"rotation": [25, 0, 0],
				"cubes": [
					{"origin": [-4.6, 29.06014, 2.34981], "size": [1, 5.6, 1], "uv": [101, 105]},
					{"origin": [3.4, 29.06014, 2.34981], "size": [1, 5.6, 1], "uv": [101, 105]}
				]
			},
			{
				"name": "head7",
				"parent": "head",
				"pivot": [-2, 24, 9],
				"rotation": [25, 0, 0]
			},
			{
				"name": "head22",
				"parent": "head",
				"pivot": [2, 24, 9],
				"rotation": [25, 0, 0],
				"cubes": [
					{"origin": [-4.6, 28.06014, 3.34981], "size": [1, 6.6, 1], "uv": [100, 116]},
					{"origin": [3.4, 28.06014, 3.34981], "size": [1, 6.6, 1], "uv": [100, 116]}
				]
			},
			{
				"name": "head8",
				"parent": "head",
				"pivot": [-2, 23, 9],
				"rotation": [17.5, 0, 0]
			},
			{
				"name": "head21",
				"parent": "head",
				"pivot": [2, 23, 9],
				"rotation": [17.5, 0, 0],
				"cubes": [
					{"origin": [-4.6, 27.06014, 3.34981], "size": [1, 6.6, 1], "uv": [109, 104]},
					{"origin": [3.4, 27.06014, 3.34981], "size": [1, 6.6, 1], "uv": [109, 104]},
					{"origin": [-4.4, 29.01386, 3.65052], "size": [0.8, 4.6, 1], "uv": [103, 115]}
				]
			},
			{
				"name": "head9",
				"parent": "head",
				"pivot": [-2, 22, 10],
				"rotation": [15, 0, 0]
			},
			{
				"name": "head20",
				"parent": "head",
				"pivot": [2, 22, 10],
				"rotation": [15, 0, 0],
				"cubes": [
					{"origin": [-4.6, 26.06014, 4.34981], "size": [1, 6.6, 1], "uv": [103, 108]},
					{"origin": [3.4, 26.06014, 4.34981], "size": [1, 6.6, 1], "uv": [103, 108]}
				]
			},
			{
				"name": "head10",
				"parent": "head",
				"pivot": [-2, 22, 10],
				"rotation": [10, 0, 0]
			},
			{
				"name": "head11",
				"parent": "head",
				"pivot": [-2, 22, 9],
				"cubes": [
					{"origin": [3.4, 24.7, 3.6], "size": [1, 6.6, 1], "uv": [105, 18]},
					{"origin": [-4.6, 24.7, 3.6], "size": [1, 6.6, 1], "uv": [105, 18]}
				]
			},
			{
				"name": "head19",
				"parent": "head",
				"pivot": [2, 22, 9],
				"cubes": [
					{"origin": [-4.6, 25.75, 2.8], "size": [1, 5.6, 0.8], "uv": [104, 108]},
					{"origin": [3.4, 25.75, 2.8], "size": [1, 5.6, 0.8], "uv": [104, 108]}
				]
			},
			{
				"name": "head12",
				"parent": "head",
				"pivot": [-3, 23, 9],
				"rotation": [0, 0, 7.5],
				"cubes": [
					{"origin": [2.6, 25.75, 3.6], "size": [0.8, 6.6, 1], "uv": [118, 25]}
				]
			},
			{
				"name": "head18",
				"parent": "head",
				"pivot": [3, 23, 9],
				"rotation": [0, 0, -7.5],
				"cubes": [
					{"origin": [-3.4, 25.75, 3.6], "size": [0.8, 6.6, 1], "uv": [101, 107]}
				]
			},
			{
				"name": "head13",
				"parent": "head",
				"pivot": [-4, 23, 9],
				"rotation": [0, 0, 7.5],
				"cubes": [
					{"origin": [1.79144, 24.88053, 3.6], "size": [0.8, 7.6, 1], "uv": [119, 9]}
				]
			},
			{
				"name": "head17",
				"parent": "head",
				"pivot": [4, 23, 9],
				"rotation": [0, 0, -7.5],
				"cubes": [
					{"origin": [-2.59144, 24.88053, 3.6], "size": [0.8, 7.6, 1], "uv": [127, 6]}
				]
			},
			{
				"name": "head14",
				"parent": "head",
				"pivot": [-5, 23, 9],
				"rotation": [0, 0, 7.5],
				"cubes": [
					{"origin": [0.98289, 24.01105, 3.6], "size": [0.8, 8.6, 1], "uv": [100, 102]},
					{"origin": [0.72184, 27.99394, 3.6], "size": [0.8, 4.6, 0.8], "uv": [97, 104]}
				]
			},
			{
				"name": "head16",
				"parent": "head",
				"pivot": [5, 23, 9],
				"rotation": [0, 0, -7.5],
				"cubes": [
					{"origin": [-1.78289, 24.01105, 3.6], "size": [0.8, 8.6, 0.8], "uv": [128, 8]}
				]
			},
			{
				"name": "head15",
				"parent": "head",
				"pivot": [-5, 22, 9],
				"cubes": [
					{"origin": [-2.01711, 23.01105, 3.6], "size": [3.8, 8.6, 1], "uv": [118, 2]}
				]
			},
			{
				"name": "rightArm",
				"pivot": [-5, 22, 0],
				"cubes": [
					{"origin": [-8, 12, -2], "size": [4, 12, 4], "uv": [12, 60]},
					{"origin": [-8.05, 11.95, -2.05], "size": [4.1, 12.1, 4.1], "uv": [52, 24]}
				]
			},
			{
				"name": "rightItem",
				"parent": "rightArm",
				"pivot": [-6, 15, 1]
			},
			{
				"name": "rightArm2",
				"parent": "rightArm",
				"pivot": [0, 0, 0]
			},
			{
				"name": "rightArm3",
				"parent": "rightArm2",
				"pivot": [-7, 0, 0]
			},
			{
				"name": "rightArm4",
				"parent": "rightArm3",
				"pivot": [-7, 0, 0],
				"cubes": [
					{"origin": [-7.40721, 11.18396, -2.05], "size": [1, 1, 4], "uv": [42, 111]}
				]
			},
			{
				"name": "rightArm5",
				"parent": "rightArm3",
				"pivot": [-19, 0, 0],
				"rotation": [0, 0, 50],
				"cubes": [
					{"origin": [-21.11571, 16.0695, -2.05], "size": [1, 1, 4], "uv": [28, 106]}
				]
			},
			{
				"name": "rightArm6",
				"parent": "rightArm3",
				"pivot": [-7, 0, 0],
				"rotation": [0, 0, -5],
				"cubes": [
					{"origin": [-5.43472, 11.08973, -2.05], "size": [1, 1, 4], "uv": [29, 101]}
				]
			},
			{
				"name": "rightArm7",
				"parent": "rightArm2",
				"pivot": [-14, 0, 0]
			},
			{
				"name": "rightArm8",
				"parent": "rightArm7",
				"pivot": [-14, 0, 0],
				"rotation": [-10, 0, 0],
				"cubes": [
					{"origin": [-5.95, 10.91247, -3.22793], "size": [1, 1, 1], "uv": [42, 111]}
				]
			},
			{
				"name": "rightArm9",
				"parent": "rightArm7",
				"pivot": [-26, 0, 0],
				"rotation": [5, 0, 0],
				"cubes": [
					{"origin": [-5.95, 11.11727, 0.67234], "size": [1, 1, 1], "uv": [28, 104]}
				]
			},
			{
				"name": "rightArm10",
				"parent": "rightArm7",
				"pivot": [-14, 0, 0],
				"rotation": [-40, 0, 0],
				"cubes": [
					{"origin": [-5.95, 7.83652, -9.2517], "size": [1, 1, 1], "uv": [33, 118]}
				]
			},
			{
				"name": "leftArm",
				"pivot": [5, 22, 0],
				"mirror": true,
				"cubes": [
					{"origin": [4, 12, -2], "size": [4, 12, 4], "uv": [52, 0], "mirror": false},
					{"origin": [3.95, 11.95, -2.05], "size": [4.1, 12.1, 4.1], "uv": [52, 52], "mirror": false}
				]
			},
			{
				"name": "leftArm2",
				"parent": "leftArm",
				"pivot": [0, 0, 0]
			},
			{
				"name": "leftArm3",
				"parent": "leftArm2",
				"pivot": [13, 0, 0]
			},
			{
				"name": "leftArm4",
				"parent": "leftArm3",
				"pivot": [13, 0, 0],
				"cubes": [
					{"origin": [6.40721, 11.18396, -2.05], "size": [1, 1, 4], "uv": [33, 110]}
				]
			},
			{
				"name": "leftArm5",
				"parent": "leftArm3",
				"pivot": [25, 0, 0],
				"rotation": [0, 0, -50],
				"cubes": [
					{"origin": [22.25898, 20.66577, -2.05], "size": [1, 1, 4], "uv": [28, 106]}
				]
			},
			{
				"name": "leftArm6",
				"parent": "leftArm3",
				"pivot": [13, 0, 0],
				"rotation": [0, 0, 5],
				"cubes": [
					{"origin": [4.45755, 10.5668, -2.05], "size": [1, 1, 4], "uv": [29, 101]}
				]
			},
			{
				"name": "leftArm11",
				"parent": "leftArm2",
				"pivot": [14, 0, 0]
			},
			{
				"name": "leftArm1",
				"parent": "leftArm11",
				"pivot": [14, 0, 0],
				"rotation": [-10, 0, 0],
				"cubes": [
					{"origin": [4.95, 10.91247, -3.22793], "size": [1, 1, 1], "uv": [42, 111], "mirror": true}
				]
			},
			{
				"name": "leftArm13",
				"parent": "leftArm11",
				"pivot": [26, 0, 0],
				"rotation": [5, 0, 0],
				"cubes": [
					{"origin": [4.95, 11.11727, 0.67234], "size": [1, 1, 1], "uv": [28, 104], "mirror": true}
				]
			},
			{
				"name": "leftArm14",
				"parent": "leftArm11",
				"pivot": [14, 0, 0],
				"rotation": [-40, 0, 0],
				"cubes": [
					{"origin": [4.95, 7.83652, -9.2517], "size": [1, 1, 1], "uv": [33, 118], "mirror": true}
				]
			},
			{
				"name": "rightLeg",
				"pivot": [-1.9, 12, 0],
				"cubes": [
					{"origin": [-3.9, 0, -2], "size": [4, 12, 4], "uv": [0, 48]},
					{"origin": [-3.95, -0.05, -2.05], "size": [4.1, 12.1, 4.1], "uv": [36, 44]}
				]
			},
			{
				"name": "leftLeg",
				"pivot": [1.9, 12, 0],
				"mirror": true,
				"cubes": [
					{"origin": [-0.1, 0, -2], "size": [4, 12, 4], "uv": [20, 44], "mirror": false},
					{"origin": [-0.15, -0.05, -2.05], "size": [4.1, 12.1, 4.1], "uv": [40, 12], "mirror": false}
				]
			}
		]
	}
}