{
	"format_version": "1.10.0",
	"geometry.tita_encou": {
		"texturewidth": 128,
		"textureheight": 128,
		"visible_bounds_width": 3,
		"visible_bounds_height": 3,
		"visible_bounds_offset": [0, 0, 0],
		"bones": [
			{
				"name": "body",
				"pivot": [0, 24, 0],
				"cubes": [
					{"origin": [-4, 12, -2], "size": [8, 12, 4], "uv": [0, 32]},
					{"origin": [-4.05, 11.95, -2.05], "size": [8.1, 12.1, 4.1], "uv": [28, 28]}
				]
			},
			{
				"name": "body3",
				"parent": "body",
				"pivot": [0, 20, 0],
				"rotation": [0, 0, 45],
				"cubes": [
					{"origin": [3.88909, 19.6364, -2.5], "size": [1, 1, 1], "uv": [24, 18]},
					{"origin": [4.59619, 18.92929, -2.5], "size": [1, 1, 1], "uv": [24, 16]},
					{"origin": [5.3033, 18.22218, -2.5], "size": [1, 1, 1], "uv": [4, 22]}
				]
			},
			{
				"name": "body4",
				"parent": "body",
				"pivot": [0, 20, 0],
				"rotation": [0, 0, -45],
				"cubes": [
					{"origin": [-4.88909, 19.6364, -2.5], "size": [1, 1, 1], "uv": [0, 22]},
					{"origin": [-5.59619, 18.92929, -2.5], "size": [1, 1, 1], "uv": [4, 6]},
					{"origin": [-6.3033, 18.22218, -2.5], "size": [1, 1, 1], "uv": [0, 6]}
				]
			},
			{
				"name": "body2",
				"parent": "body",
				"pivot": [0, 24, 0],
				"cubes": [
					{"origin": [-4, 20, -2.5], "size": [3.8, 4, 1], "uv": [48, 0]},
					{"origin": [0.2, 20, -2.5], "size": [3.8, 4, 1], "uv": [24, 0]},
					{"origin": [0.2, 17.8, -2.5], "size": [1.8, 1.9, 1], "uv": [24, 38]},
					{"origin": [0.2, 15.8, -2.5], "size": [1.8, 1.9, 1], "uv": [32, 0]},
					{"origin": [0.2, 13.8, -2.5], "size": [1.8, 1.9, 1], "uv": [0, 32]},
					{"origin": [-4.2, 14.8, -2.5], "size": [1, 3.9, 3], "uv": [0, 16]},
					{"origin": [3.2, 14.8, -2.5], "size": [1, 3.9, 3], "uv": [0, 0]},
					{"origin": [2.2, 11.8, -2.5], "size": [2, 1.9, 5], "uv": [74, 20]},
					{"origin": [-1, 12.5, 2.5], "size": [2, 1, 0], "uv": [24, 20]},
					{"origin": [-4.2, 11.8, -2.5], "size": [2, 1.9, 5], "uv": [0, 74]},
					{"origin": [-1.2, 13.8, 0.5], "size": [1, 1.9, 2], "uv": [68, 57]},
					{"origin": [0.2, 13.8, 0.5], "size": [1, 1.9, 2], "uv": [68, 35]},
					{"origin": [-3.2, 14.8, 0.5], "size": [3, 3.8, 2], "uv": [26, 60]},
					{"origin": [0.2, 14.8, 0.5], "size": [3, 3.8, 2], "uv": [32, 23]},
					{"origin": [0.2, 21.8, 0.5], "size": [2, 1.8, 2], "uv": [64, 26]},
					{"origin": [3.2, 21.8, 0.5], "size": [1, 1.8, 2], "uv": [57, 68]},
					{"origin": [3.2, 18.8, 0.5], "size": [1, 2.8, 2], "uv": [46, 60]},
					{"origin": [-4.2, 21.8, 0.5], "size": [1, 1.8, 2], "uv": [51, 68]},
					{"origin": [-4.2, 18.8, 0.5], "size": [1, 2.8, 2], "uv": [68, 0]},
					{"origin": [-2.2, 21.8, 0.5], "size": [2, 1.8, 2], "uv": [48, 44]},
					{"origin": [-2.4, 19.6, 0.5], "size": [2, 2, 2], "uv": [48, 5]},
					{"origin": [0.4, 19.6, 0.5], "size": [2, 2, 2], "uv": [12, 48]},
					{"origin": [-2, 17.8, -2.5], "size": [1.8, 1.9, 1], "uv": [24, 36]},
					{"origin": [-2, 15.8, -2.5], "size": [1.8, 1.9, 1], "uv": [0, 34]},
					{"origin": [-2, 13.8, -2.5], "size": [1.8, 1.9, 1], "uv": [32, 2]}
				]
			},
			{
				"name": "head",
				"pivot": [0, 24, 0],
				"cubes": [
					{"origin": [-4, 24, -4], "size": [8, 8, 8], "uv": [0, 16]},
					{"origin": [-4.05, 23.95, -4.05], "size": [8.1, 8.1, 8.1], "uv": [0, 0]}
				]
			},
			{
				"name": "head2",
				"parent": "head",
				"pivot": [0, 24, 0],
				"cubes": [
					{"origin": [-0.51987, 23.70429, -4.3], "size": [1, 1, 2], "uv": [114, 9]}
				]
			},
			{
				"name": "head3",
				"parent": "head2",
				"pivot": [4, 22, 0],
				"rotation": [0, 0, 12.5],
				"cubes": [
					{"origin": [-4.21644, 27.9763, -4.3], "size": [2, 1, 2], "uv": [112, 9]}
				]
			},
			{
				"name": "head4",
				"parent": "head2",
				"pivot": [-4, 22, 0],
				"rotation": [0, 0, -12.5],
				"cubes": [
					{"origin": [2.21644, 27.9763, -4.3], "size": [2, 1, 2], "uv": [113, 9]}
				]
			},
			{
				"name": "head5",
				"parent": "head2",
				"pivot": [-2, 18, 0],
				"rotation": [0, 0, -30],
				"cubes": [
					{"origin": [3, 21.7, -4.3], "size": [2, 2, 2], "uv": [29, 18]}
				]
			},
			{
				"name": "head6",
				"parent": "head2",
				"pivot": [2, 18, 0],
				"rotation": [0, 0, 30],
				"cubes": [
					{"origin": [-5, 21.7, -4.3], "size": [2, 2, 2], "uv": [29, 18], "mirror": true}
				]
			},
			{
				"name": "head7",
				"parent": "head2",
				"pivot": [4, 20, 0],
				"rotation": [0, 0, 7.5],
				"cubes": [
					{"origin": [-5, 23.7, -4.3], "size": [4, 1, 6], "uv": [29, 18], "mirror": true},
					{"origin": [-4.86947, 23, -4.3], "size": [4, 1, 6], "uv": [29, 18], "mirror": true}
				]
			},
			{
				"name": "head8",
				"parent": "head2",
				"pivot": [-4, 20, 0],
				"rotation": [0, 0, -7.5],
				"cubes": [
					{"origin": [1, 23.7, -4.3], "size": [4, 1, 6], "uv": [29, 18]},
					{"origin": [0.86947, 23, -4.3], "size": [4, 1, 6], "uv": [29, 18]}
				]
			},
			{
				"name": "head9",
				"parent": "head",
				"pivot": [0, 24, 0]
			},
			{
				"name": "rightArm",
				"pivot": [-5, 22, 0],
				"cubes": [
					{"origin": [-8, 12, -2], "size": [4, 12, 4], "uv": [56, 0]},
					{"origin": [-8.05, 11.95, -2.05], "size": [4.1, 12.1, 4.1], "uv": [52, 28]}
				]
			},
			{
				"name": "rightItem",
				"parent": "rightArm",
				"pivot": [-6, 15, 1]
			},
			{
				"name": "rightArm2",
				"parent": "rightArm",
				"pivot": [0, 0, 0]
			},
			{
				"name": "rightArm3",
				"parent": "rightArm2",
				"pivot": [-7, 0, 0]
			},
			{
				"name": "rightArm4",
				"parent": "rightArm3",
				"pivot": [-7, 0, 0],
				"cubes": [
					{"origin": [-7.40721, 11.18396, -2.05], "size": [1, 1, 4], "uv": [37, 67]}
				]
			},
			{
				"name": "rightArm5",
				"parent": "rightArm3",
				"pivot": [-19, 0, 0],
				"rotation": [0, 0, 50],
				"cubes": [
					{"origin": [-21.11571, 16.0695, -2.05], "size": [1, 1, 4], "uv": [30, 76]}
				]
			},
			{
				"name": "rightArm6",
				"parent": "rightArm3",
				"pivot": [-7, 0, 0],
				"rotation": [0, 0, -5],
				"cubes": [
					{"origin": [-5.43472, 11.08973, -2.05], "size": [1, 1, 4], "uv": [40, 76]}
				]
			},
			{
				"name": "rightArm7",
				"parent": "rightArm2",
				"pivot": [-14, 0, 0]
			},
			{
				"name": "rightArm8",
				"parent": "rightArm7",
				"pivot": [-14, 0, 0],
				"rotation": [-10, 0, 0],
				"cubes": [
					{"origin": [-5.95, 10.91247, -3.22793], "size": [1, 1, 1], "uv": [44, 0]}
				]
			},
			{
				"name": "rightArm9",
				"parent": "rightArm7",
				"pivot": [-26, 0, 0],
				"rotation": [5, 0, 0],
				"cubes": [
					{"origin": [-5.95, 11.11727, 0.67234], "size": [1, 1, 1], "uv": [24, 42]}
				]
			},
			{
				"name": "rightArm10",
				"parent": "rightArm7",
				"pivot": [-14, 0, 0],
				"rotation": [-40, 0, 0],
				"cubes": [
					{"origin": [-5.95, 7.83652, -9.2517], "size": [1, 1, 1], "uv": [40, 23]}
				]
			},
			{
				"name": "rightArm12",
				"parent": "rightArm",
				"pivot": [-5, 22, 0],
				"cubes": [
					{"origin": [-5.8, 13.5, -2.5], "size": [2, 4, 5], "uv": [68, 26]},
					{"origin": [-7.2, 13.5, -2.5], "size": [2, 3, 5], "uv": [72, 0]},
					{"origin": [-5.5, 17.6, -2.5], "size": [2, 3, 5], "uv": [72, 57]},
					{"origin": [-8.2, 12.5, -2.5], "size": [2, 4, 5], "uv": [68, 48]},
					{"origin": [-8.5, 16.6, -2.5], "size": [2, 4, 5], "uv": [69, 11]},
					{"origin": [-8.5, 21, -2.5], "size": [1, 2, 5], "uv": [23, 76]},
					{"origin": [-8.5, 23, -2.5], "size": [5, 2, 5], "uv": [31, 60]}
				]
			},
			{
				"name": "rightArm11",
				"parent": "rightArm12",
				"pivot": [-5, 22, 0],
				"rotation": [0, 0, -17.5],
				"cubes": [
					{"origin": [-8.0373, 22.00619, -2.5], "size": [5, 2, 5], "uv": [11, 60]}
				]
			},
			{
				"name": "leftArm",
				"pivot": [5, 22, 0],
				"mirror": true,
				"cubes": [
					{"origin": [4, 12, -2], "size": [4, 12, 4], "uv": [52, 52], "mirror": false},
					{"origin": [3.95, 11.95, -2.05], "size": [4.1, 12.1, 4.1], "uv": [0, 48], "mirror": false}
				]
			},
			{
				"name": "leftArm2",
				"parent": "leftArm",
				"pivot": [0, 0, 0]
			},
			{
				"name": "leftArm3",
				"parent": "leftArm2",
				"pivot": [13, 0, 0]
			},
			{
				"name": "leftArm4",
				"parent": "leftArm3",
				"pivot": [13, 0, 0],
				"cubes": [
					{"origin": [6.40721, 11.18396, -2.05], "size": [1, 1, 4], "uv": [10, 77]}
				]
			},
			{
				"name": "leftArm5",
				"parent": "leftArm3",
				"pivot": [25, 0, 0],
				"rotation": [0, 0, -50],
				"cubes": [
					{"origin": [22.25898, 20.66577, -2.05], "size": [1, 1, 4], "uv": [37, 67]}
				]
			},
			{
				"name": "leftArm6",
				"parent": "leftArm3",
				"pivot": [13, 0, 0],
				"rotation": [0, 0, 5],
				"cubes": [
					{"origin": [4.45755, 10.5668, -2.05], "size": [1, 1, 4], "uv": [37, 67]}
				]
			},
			{
				"name": "leftArm11",
				"parent": "leftArm2",
				"pivot": [14, 0, 0]
			},
			{
				"name": "leftArm1",
				"parent": "leftArm11",
				"pivot": [14, 0, 0],
				"rotation": [-10, 0, 0],
				"cubes": [
					{"origin": [4.95, 10.91247, -3.22793], "size": [1, 1, 1], "uv": [24, 40]}
				]
			},
			{
				"name": "leftArm13",
				"parent": "leftArm11",
				"pivot": [26, 0, 0],
				"rotation": [5, 0, 0],
				"cubes": [
					{"origin": [4.95, 11.11727, 0.67234], "size": [1, 1, 1], "uv": [39, 18]}
				]
			},
			{
				"name": "leftArm14",
				"parent": "leftArm11",
				"pivot": [14, 0, 0],
				"rotation": [-40, 0, 0],
				"cubes": [
					{"origin": [4.95, 7.83652, -9.2517], "size": [1, 1, 1], "uv": [39, 16]}
				]
			},
			{
				"name": "leftArm13",
				"parent": "leftArm",
				"pivot": [5, 22, 0],
				"cubes": [
					{"origin": [3.8, 13.5, -2.5], "size": [2, 4, 5], "uv": [67, 39]},
					{"origin": [5.2, 13.5, -2.5], "size": [2, 3, 5], "uv": [72, 72]},
					{"origin": [3.5, 17.6, -2.5], "size": [2, 3, 5], "uv": [51, 71]},
					{"origin": [6.2, 12.5, -2.5], "size": [2, 4, 5], "uv": [42, 67]},
					{"origin": [6.5, 16.6, -2.5], "size": [2, 4, 5], "uv": [28, 67]},
					{"origin": [7.5, 21, -2.5], "size": [1, 2, 5], "uv": [60, 74]},
					{"origin": [3.5, 23, -2.5], "size": [5, 2, 5], "uv": [24, 16]}
				]
			},
			{
				"name": "leftArm14",
				"parent": "leftArm13",
				"pivot": [5, 22, 0],
				"rotation": [0, 0, 17.5],
				"cubes": [
					{"origin": [3.0373, 22.00619, -2.5], "size": [5, 2, 5], "uv": [52, 44]}
				]
			},
			{
				"name": "rightLeg",
				"pivot": [-1.9, 12, 0],
				"cubes": [
					{"origin": [-3.9, 0, -2], "size": [4, 12, 4], "uv": [44, 12]},
					{"origin": [-3.95, -0.05, -2.05], "size": [4.1, 12.1, 4.1], "uv": [36, 44]}
				]
			},
			{
				"name": "rightLeg2",
				"parent": "rightLeg",
				"pivot": [-1.9, 12, 0],
				"cubes": [
					{"origin": [-3, 3.4, -2.5], "size": [2, 2, 2], "uv": [32, 44]},
					{"origin": [-1.7, 5.95, -2.5], "size": [2, 5, 5], "uv": [0, 64]},
					{"origin": [-4.3, 5.95, -2.5], "size": [2, 5, 5], "uv": [14, 67]}
				]
			},
			{
				"name": "leftLeg",
				"pivot": [1.9, 12, 0],
				"mirror": true,
				"cubes": [
					{"origin": [-0.1, 0, -2], "size": [4, 12, 4], "uv": [20, 44], "mirror": false},
					{"origin": [-0.15, -0.05, -2.05], "size": [4.1, 12.1, 4], "uv": [32, 0], "mirror": false}
				]
			},
			{
				"name": "leftLeg3",
				"parent": "leftLeg",
				"pivot": [1.9, 12, 0],
				"cubes": [
					{"origin": [1, 3.4, -2.5], "size": [2, 2, 2], "uv": [20, 32]},
					{"origin": [-0.3, 5.95, -2.5], "size": [2, 5, 5], "uv": [63, 63]},
					{"origin": [2.3, 5.95, -2.5], "size": [2, 5, 5], "uv": [60, 16]}
				]
			}
		]
	}
}