{
  "format_version": "1.13.0",
  "minecraft:entity": {
    "description": {
      "identifier": "minecraft:player",
      "is_spawnable": false,
      "is_summonable": false,
      "is_experimental": false,
      "scripts": {
        "animate": [
          "chest_asa",
          "chest_cavalo",
          "chest_flor",
          "manobra_3d",
          "titan_attack",
          "titan_colossal",
          "titan_armored",
          "titan_femea",
          "titan_femea_armor",
          "modo_berserker",
          "titan_attack_jump",
          "titan_colossal_jump",
          "titan_armored_jump",
          "titan_femea_jump",
          "titan_femea_armor_jump",
          "modo_berserker_jump",
          "walk"
        ]
      },
      "animations": {
        "chest_asa": "controller.animation.chest_asa",
        "chest_cavalo": "controller.animation.chest_cavalo",
        "chest_flor": "controller.animation.chest_flor",
        "manobra_3d": "controller.animation.manobra_3d",
        "titan_attack": "controller.animation.titan_attack",
        "titan_colossal": "controller.animation.titan_colossal",
        "titan_armored": "controller.animation.titan_armored",
        "titan_femea": "controller.animation.titan_femea",
        "titan_femea_armor": "controller.animation.titan_femea_armor",
        "modo_berserker": "controller.animation.modo_berserker",
        "titan_attack_jump": "controller.animation.titan_attack_jump",
        "titan_colossal_jump": "controller.animation.titan_colossal_jump",
        "titan_armored_jump": "controller.animation.titan_armored_jump",
        "titan_femea_jump": "controller.animation.titan_femea_jump",
        "titan_femea_armor_jump": "controller.animation.titan_femea_armor_jump",
        "modo_berserker_jump": "controller.animation.modo_berserker_jump",
        "walk": "controller.animation.walk"
      }
    },

    "component_groups": {
      "minecraft:normal_player": {
        "minecraft:variant": {
          "value": 0
        },
        "minecraft:scale": {
          "value": 1.0
        },
        "minecraft:health": {
          "value": 20,
          "max": 20
        },
        "minecraft:attack": {
          "damage": 2
        },
        "minecraft:spell_effects": {
          "remove_effects": [
            "speed",
            "jump_boost",
            "resistance",
            "water_breathing",
            "regeneration",
            "fire_resistance",
            "slow_falling",
            "night_vision",
            "strength",
            "slowness"
          ]
        }
      },
      "minecraft:titan_attack": {
        "minecraft:variant": {
          "value": 1
        },
        "minecraft:scale": {
          "value": 3.0
        },
        "minecraft:health": {
          "value": 100,
          "max": 100
        },
        "minecraft:attack": {
          "damage": 24
        },
        "minecraft:spell_effects": {
          "add_effects": [
            {
              "effect": "speed",
              "duration": 99999,
              "amplifier": 2,
              "visible": false
            },
            {
              "effect": "regeneration",
              "duration": 99999,
              "amplifier": 5,
              "visible": false
            }
          ]
        }
      },
      "minecraft:titan_colossal": {
        "minecraft:variant": {
          "value": 2
        },
        "minecraft:scale": {
          "value": 5.5
        },
        "minecraft:health": {
          "value": 200,
          "max": 200
        },
        "minecraft:attack": {
          "damage": 28
        },
        "minecraft:spell_effects": {
          "add_effects": [
            {
              "effect": "slowness",
              "duration": 99999,
              "amplifier": 4,
              "visible": false
            },
            {
              "effect": "regeneration",
              "duration": 99999,
              "amplifier": 5,
              "visible": false
            }
          ]
        }
      },
      "minecraft:titan_armored": {
        "minecraft:variant": {
          "value": 3
        },
        "minecraft:scale": {
          "value": 3.0
        },
        "minecraft:health": {
          "value": 100,
          "max": 100
        },
        "minecraft:attack": {
          "damage": 24
        },
        "minecraft:spell_effects": {
          "add_effects": [
            {
              "effect": "speed",
              "duration": 99999,
              "amplifier": 2,
              "visible": false
            },
            {
              "effect": "resistance",
              "duration": 99999,
              "amplifier": 2,
              "visible": false
            },
            {
              "effect": "regeneration",
              "duration": 99999,
              "amplifier": 5,
              "visible": false
            }
          ]
        }
      },
      "minecraft:titan_femea": {
        "minecraft:variant": {
          "value": 4
        },
        "minecraft:scale": {
          "value": 3.0
        },
        "minecraft:health": {
          "value": 100,
          "max": 100
        },
        "minecraft:attack": {
          "damage": 24
        },
        "minecraft:spell_effects": {
          "add_effects": [
            {
              "effect": "speed",
              "duration": 99999,
              "amplifier": 2,
              "visible": false
            },
            {
              "effect": "resistance",
              "duration": 99999,
              "amplifier": 2,
              "visible": false
            },
            {
              "effect": "regeneration",
              "duration": 99999,
              "amplifier": 5,
              "visible": false
            }
          ]
        }
      },
      "minecraft:titan_femea_armor": {
        "minecraft:variant": {
          "value": 5
        },
        "minecraft:scale": {
          "value": 3.0
        },
        "minecraft:health": {
          "value": 100,
          "max": 100
        },
        "minecraft:attack": {
          "damage": 25
        },
        "minecraft:spell_effects": {
          "add_effects": [
            {
              "effect": "speed",
              "duration": 99999,
              "amplifier": 4,
              "visible": false
            },
            {
              "effect": "resistance",
              "duration": 99999,
              "amplifier": 3,
              "visible": false
            },
            {
              "effect": "regeneration",
              "duration": 99999,
              "amplifier": 6,
              "visible": false
            }
          ]
        }
      },
      "minecraft:modo_berserker": {
        "minecraft:variant": {
          "value": 6
        },
        "minecraft:scale": {
          "value": 3.0
        },
        "minecraft:health": {
          "value": 100,
          "max": 100
        },
        "minecraft:attack": {
          "damage": 25
        },
        "minecraft:spell_effects": {
          "add_effects": [
            {
              "effect": "speed",
              "duration": 99999,
              "amplifier": 4,
              "visible": false
            },
            {
              "effect": "resistance",
              "duration": 99999,
              "amplifier": 2,
              "visible": false
            },
            {
              "effect": "regeneration",
              "duration": 99999,
              "amplifier": 6,
              "visible": false
            }
          ]
        }
      },
      "minecraft:chest_asa": {
        "minecraft:variant": {
          "value": 7
        },
        "minecraft:scale": {
          "value": 1.0
        },
        "minecraft:health": {
          "value": 20,
          "max": 20
        },
        "minecraft:attack": {
          "damage": 2
        },
        "minecraft:spell_effects": {
          "add_effects": [
            {
              "effect": "resistance",
              "duration": 99999,
              "amplifier": 1,
              "visible": false
            }
          ]
        }
      },
      "minecraft:chest_cavalo": {
        "minecraft:variant": {
          "value": 8
        },
        "minecraft:scale": {
          "value": 1.0
        },
        "minecraft:health": {
          "value": 20,
          "max": 20
        },
        "minecraft:attack": {
          "damage": 2
        },
        "minecraft:spell_effects": {
          "add_effects": [
            {
              "effect": "resistance",
              "duration": 99999,
              "amplifier": 1,
              "visible": false
            }
          ]
        }
      },
      "minecraft:chest_flor": {
        "minecraft:variant": {
          "value": 9
        },
        "minecraft:scale": {
          "value": 1.0
        },
        "minecraft:health": {
          "value": 20,
          "max": 20
        },
        "minecraft:attack": {
          "damage": 2
        },
        "minecraft:spell_effects": {
          "add_effects": [
            {
              "effect": "resistance",
              "duration": 99999,
              "amplifier": 1,
              "visible": false
            }
          ]
        }
      },
      "minecraft:manobra_3d": {
        "minecraft:variant": {
          "value": 10
        },
        "minecraft:scale": {
          "value": 1.0
        },
        "minecraft:health": {
          "value": 20,
          "max": 20
        },
        "minecraft:attack": {
          "damage": 2
        },
        "minecraft:spell_effects": {
          "add_effects": [
            {
              "effect": "resistance",
              "duration": 99999,
              "amplifier": 1,
              "visible": false
            },
            {
              "effect": "speed",
              "duration": 99999,
              "amplifier": 2,
              "visible": false
            }
          ]
        }
      },
      "minecraft:add_bad_omen": {
        "minecraft:spell_effects": {
          "add_effects": [
            {
              "effect": "bad_omen",
              "duration": 6000,
              "display_on_screen_animation": true
            }
          ]
        },
        "minecraft:timer": {
          "time": [ 0.0, 0.0 ],
          "looping": false,
          "time_down_event": {
            "event": "minecraft:clear_add_bad_omen",
            "target": "self"
          }
        }
      },
      "minecraft:clear_bad_omen_spell_effect": {
        "minecraft:spell_effects": {
        }
      },
      "minecraft:raid_trigger": {
        "minecraft:raid_trigger": {
          "triggered_event": {
            "event": "minecraft:remove_raid_trigger",
            "target": "self"
          }
        },
        "minecraft:spell_effects": {
          "remove_effects": "bad_omen"
        }
      }
    },

    "components": {
      "minecraft:experience_reward": {
        "on_death": "Math.Min(query.player_level * 7, 100)"
      },
      "minecraft:type_family": {
        "family": [ "player" ]
      },
      "minecraft:is_hidden_when_invisible": {
      },
      "minecraft:loot": {
        "table": "loot_tables/empty.json"
      },
      "minecraft:collision_box": {
        "width": 0.6,
        "height": 1.8
      },
      "minecraft:can_climb": {
      },
      "minecraft:movement": {
        "value": 0.1
      },
      "minecraft:hurt_on_condition": {
        "damage_conditions": [
          {
            "filters": { "test": "in_lava", "subject": "self", "operator": "==", "value": true },
            "cause": "lava",
            "damage_per_tick": 4
          }
        ]
      },
      "minecraft:attack": {
        "damage": 1
      },
      "minecraft:player.saturation": {
        "value": 20
      },
      "minecraft:player.exhaustion": {
        "value": 0,
        "max": 4
      },
      "minecraft:player.level": {
        "value": 0,
        "max": 24791
      },
      "minecraft:player.experience": {
        "value": 0,
        "max": 1
      },
      "minecraft:breathable": {
        "total_supply": 15,
        "suffocate_time": -1,
        "inhale_time": 3.75,
        "generates_bubbles": false
      },
      "minecraft:nameable": {
        "always_show": true,
        "allow_name_tag_renaming": false
      },
      "minecraft:physics": {
      },
      "minecraft:pushable": {
        "is_pushable": false,
        "is_pushable_by_piston": true
      },
      "minecraft:insomnia": {
        "days_until_insomnia": 3
      },
      "minecraft:rideable": {
        "seat_count": 2,
        "family_types": [
          "parrot_tame"
        ],
        "pull_in_entities": true,
        "seats": [
          {
            "position": [ 0.4, -0.2, -0.1 ],
            "min_rider_count": 0,
            "max_rider_count": 0,
            "lock_rider_rotation": 0
          },
          {
            "position": [ -0.4, -0.2, -0.1 ],
            "min_rider_count": 1,
            "max_rider_count": 2,
            "lock_rider_rotation": 0
          }
        ]
      },
      "minecraft:scaffolding_climber": {},
      "minecraft:environment_sensor": {
        "triggers": [
          {
            "filters": {
              "all_of": [
                {
                  "test": "has_mob_effect",
                  "subject": "self",
                  "value": "bad_omen"
                },
                {
                  "test": "is_in_village",
                  "subject": "self",
                  "value": true
                }
              ]
            },
            "event": "minecraft:trigger_raid"
          },
          {
            "filters": {
              "all_of": [
                {
                  "test": "is_variant",
                  "operator": "!=",
                  "value": 0
                },
                {
                  "test": "has_equipment",
                  "domain": "head",
                  "operator": "!=",
                  "value": "wesl3y:titan_attack"
                },
                {
                  "test": "has_equipment",
                  "domain": "head",
                  "operator": "!=",
                  "value": "wesl3y:titan_colossal"
                },
                {
                  "test": "has_equipment",
                  "domain": "head",
                  "operator": "!=",
                  "value": "wesl3y:titan_armored"
                },
                {
                  "test": "has_equipment",
                  "domain": "head",
                  "operator": "!=",
                  "value": "wesl3y:titan_femea"
                },
                {
                  "test": "has_equipment",
                  "domain": "head",
                  "operator": "!=",
                  "value": "wesl3y:titan_femea_armor"
                },
                {
                  "test": "has_equipment",
                  "domain": "head",
                  "operator": "!=",
                  "value": "wesl3y:modo_berserker"
                },
                {
                  "test": "has_equipment",
                  "domain": "head",
                  "operator": "!=",
                  "value": "wesl3y:chest_asa"
                },
                {
                  "test": "has_equipment",
                  "domain": "head",
                  "operator": "!=",
                  "value": "wesl3y:chest_cavalo"
                },
                {
                  "test": "has_equipment",
                  "domain": "head",
                  "operator": "!=",
                  "value": "wesl3y:chest_flor"
                },
                {
                  "test": "has_equipment",
                  "domain": "head",
                  "operator": "!=",
                  "value": "wesl3y:manobra_3d"
                }
              ]
            },
            "event": "minecraft:event_normal_player"
          },
          {
            "filters": {
              "all_of": [
                {
                  "test": "has_equipment",
                  "domain": "head",
                  "value": "wesl3y:titan_attack"
                },
                {
                  "test": "is_variant",
                  "operator": "!=",
                  "value": 1
                }
              ]
            },
            "event": "minecraft:titan_attack"
          },
          {
            "filters": {
              "all_of": [
                {
                  "test": "has_equipment",
                  "domain": "head",
                  "value": "wesl3y:titan_colossal"
                },
                {
                  "test": "is_variant",
                  "operator": "!=",
                  "value": 2
                }
              ]
            },
            "event": "minecraft:titan_colossal"
          },
          {
            "filters": {
              "all_of": [
                {
                  "test": "has_equipment",
                  "domain": "head",
                  "value": "wesl3y:titan_armored"
                },
                {
                  "test": "is_variant",
                  "operator": "!=",
                  "value": 3
                }
              ]
            },
            "event": "minecraft:titan_armored"
          },
          {
            "filters": {
              "all_of": [
                {
                  "test": "has_equipment",
                  "domain": "head",
                  "value": "wesl3y:titan_femea"
                },
                {
                  "test": "is_variant",
                  "operator": "!=",
                  "value": 4
                }
              ]
            },
            "event": "minecraft:titan_femea"
          },
          {
            "filters": {
              "all_of": [
                {
                  "test": "has_equipment",
                  "domain": "head",
                  "value": "wesl3y:titan_femea_armor"
                },
                {
                  "test": "is_variant",
                  "operator": "!=",
                  "value": 5
                }
              ]
            },
            "event": "minecraft:titan_femea_armor"
          },
          {
            "filters": {
              "all_of": [
                {
                  "test": "has_equipment",
                  "domain": "head",
                  "value": "wesl3y:modo_berserker"
                },
                {
                  "test": "is_variant",
                  "operator": "!=",
                  "value": 6
                }
              ]
            },
            "event": "minecraft:modo_berserker"
          },
          {
            "filters": {
              "all_of": [
                {
                  "test": "has_equipment",
                  "domain": "head",
                  "value": "wesl3y:chest_asa"
                },
                {
                  "test": "is_variant",
                  "operator": "!=",
                  "value": 7
                }
              ]
            },
            "event": "minecraft:chest_asa"
          },
          {
            "filters": {
              "all_of": [
                {
                  "test": "has_equipment",
                  "domain": "head",
                  "value": "wesl3y:chest_cavalo"
                },
                {
                  "test": "is_variant",
                  "operator": "!=",
                  "value": 8
                }
              ]
            },
            "event": "minecraft:chest_cavalo"
          },
          {
            "filters": {
              "all_of": [
                {
                  "test": "has_equipment",
                  "domain": "head",
                  "value": "wesl3y:chest_flor"
                },
                {
                  "test": "is_variant",
                  "operator": "!=",
                  "value": 9
                }
              ]
            },
            "event": "minecraft:chest_flor"
          },
          {
            "filters": {
              "all_of": [
                {
                  "test": "has_equipment",
                  "domain": "head",
                  "value": "wesl3y:manobra_3d"
                },
                {
                  "test": "is_variant",
                  "operator": "!=",
                  "value": 10
                }
              ]
            },
            "event": "minecraft:manobra_3d"
          }
        ]
      }
    },
    "events": {
      "minecraft:event_normal_player": {
        "add": {
          "component_groups": [
            "minecraft:normal_player"
          ]
        },
        "remove": {
          "component_groups": [
            "minecraft:titan_attack",
            "minecraft:titan_colossal",
            "minecraft:titan_armored",
            "minecraft:titan_femea",
            "minecraft:titan_femea_armor",
            "minecraft:modo_berserker",
            "minecraft:chest_asa",
            "minecraft:chest_cavalo",
            "minecraft:chest_flor",
            "minecraft:manobra_3d"
          ]
        }
      },
      "minecraft:titan_attack": {
        "add": {
          "component_groups": [
            "minecraft:titan_attack"
          ]
        }
      },
      "minecraft:titan_colossal": {
        "add": {
          "component_groups": [
            "minecraft:titan_colossal"
          ]
        }
      },
      "minecraft:titan_armored": {
        "add": {
          "component_groups": [
            "minecraft:titan_armored"
          ]
        }
      },
      "minecraft:titan_femea": {
        "add": {
          "component_groups": [
            "minecraft:titan_femea"
          ]
        }
      },
      "minecraft:titan_femea_armor": {
        "add": {
          "component_groups": [
            "minecraft:titan_femea_armor"
          ]
        }
      },
      "minecraft:modo_berserker": {
        "add": {
          "component_groups": [
            "minecraft:modo_berserker"
          ]
        }
      },
      "minecraft:chest_asa": {
        "add": {
          "component_groups": [
            "minecraft:chest_asa"
          ]
        }
      },
      "minecraft:chest_cavalo": {
        "add": {
          "component_groups": [
            "minecraft:chest_cavalo"
          ]
        }
      },
      "minecraft:chest_flor": {
        "add": {
          "component_groups": [
            "minecraft:chest_flor"
          ]
        }
      },
      "minecraft:manobra_3d": {
        "add": {
          "component_groups": [
            "minecraft:manobra_3d"
          ]
        }
      },
      "minecraft:gain_bad_omen": {
        "add": {
          "component_groups": [
            "minecraft:add_bad_omen"
          ]
        }
      },
      "minecraft:clear_add_bad_omen": {
        "remove": {
          "component_groups": [
            "minecraft:add_bad_omen"
          ]
        },
        "add": {
          "component_groups": [
            "minecraft:clear_bad_omen_spell_effect"
          ]
        }
      },
      "minecraft:trigger_raid": {
        "add": {
          "component_groups": [ "minecraft:raid_trigger" ]
        }
      },
      "minecraft:remove_raid_trigger": {
        "remove": {
          "component_groups": [ "minecraft:raid_trigger" ]
        }
      }
    }
  }
}