{
  "format_version": "1.12",
  "minecraft:recipe_shaped": {
    "description": {
    "identifier": "wesl3y:manobra_3d"
    },

    
    "tags": [ "crafting_table" ],
    "pattern": [
      "###",
      "#W#",
      "XAX"
    ],
    "key": {
      "W": {
        "item": "minecraft:leather_chestplate"
      },
      "A": {
        "item": "wesl3y:gas"
      },
      "X": {
        "item": "minecraft:iron_ingot"
      }
    },
    "result": {
      "item": "wesl3y:manobra_3d"
    }
  }
}
