{
	"format_version": "1.8.0",
	"animations": {
		"animation.titan_regular.move": {
			"loop": true,
			"animation_length": 0.35,
			"bones": {
				"left_leg": {
					"rotation": {
						"0.0": [2.5, 0, 0],
						"0.04": [5, 0, 0],
						"0.12": [2.5, 0, 0],
						"0.16": [0, 0, 0],
						"0.2": [-2.5, 0, 0],
						"0.24": [-5, 0, 0],
						"0.32": [-2.5, 0, 0],
						"0.36": [0, 0, 0]
					}
				},
				"right_leg": {
					"rotation": {
						"0.0": [-2.5, 0, 0],
						"0.04": [-5, 0, 0],
						"0.12": [-2.5, 0, 0],
						"0.16": [0, 0, 0],
						"0.2": [2.5, 0, 0],
						"0.24": [5, 0, 0],
						"0.32": [2.5, 0, 0],
						"0.36": [0, 0, 0]
					}
				},
				"right_arm": {
					"rotation": {
						"0.0": [2.5, 0, 0],
						"0.04": [5, 0, 0],
						"0.12": [2.5, 0, 0],
						"0.16": [0, 0, 0],
						"0.2": [-2.5, 0, 0],
						"0.24": [-5, 0, 0],
						"0.32": [-2.5, 0, 0],
						"0.36": [0, 0, 0]
					}
				},
				"left_arm": {
					"rotation": {
						"0.0": [-2.5, 0, 0],
						"0.04": [-5, 0, 0],
						"0.12": [-2.5, 0, 0],
						"0.16": [0, 0, 0],
						"0.2": [2.5, 0, 0],
						"0.24": [5, 0, 0],
						"0.32": [2.5, 0, 0],
						"0.36": [0, 0, 0]
					}
				}
			}
		}
	}
}