{
  "format_version": "1.8.0",
  "minecraft:entity": {
	"description": {
      "identifier": "wesl3y:aldeao",
      "is_spawnable": true,
      "is_summonable": true,
      "is_experimental": false
    },
	
	"component_groups": {
	  "minecraft:titan_transformation": {
	    "minecraft:transformation": {
		  "into": "wesl3y:titan_transform"
		}
	  },
	  "minecraft:variant_0": {
	    "minecraft:variant": {
		  "value": 0
		}
	  },
	  "minecraft:variant_1": {
	    "minecraft:variant": {
		  "value": 1
		}
	  },
	  "minecraft:variant_2": {
	    "minecraft:variant": {
		  "value": 2
		}
	  },
	  "minecraft:variant_3": {
	    "minecraft:variant": {
		  "value": 3
		}
	  },
	  "minecraft:variant_4": {
	    "minecraft:variant": {
		  "value": 4
		}
	  },
	  "minecraft:variant_5": {
	    "minecraft:variant": {
		  "value": 5
		}
	  },
	  "minecraft:variant_6": {
	    "minecraft:variant": {
		  "value": 6
		}
	  },
	  "minecraft:variant_7": {
	    "minecraft:variant": {
		  "value": 7
		}
	  },
	  "minecraft:variant_8": {
	    "minecraft:variant": {
		  "value": 8
		}
	  },
	  "minecraft:variant_9": {
	    "minecraft:variant": {
		  "value": 9
		}
	  },
	  "minecraft:variant_10": {
	    "minecraft:variant": {
		  "value": 10
		}
	  },
	  "minecraft:adult": {
	    "minecraft:scale": {
		  "value": 1.0
		},
		"minecraft:health": {
		  "value": 20
		}
	  },
	  "minecraft:child": {
	    "minecraft:scale": {
		  "value": 0.7
		},
		"minecraft:health": {
		  "value": 15
		}
	  },
	  "minecraft:vendedor": {
	    "minecraft:scale": {
		  "value": 1.0
		},
		"minecraft:health": {
		  "value": 20
		},
	    "minecraft:economy_trade_table": {
		  "display_name": "Vendedor",
		  "table": "trading/vendedor.json",
		  "new_screen": true
	    }
      }
	},
	
    "components": {
      "minecraft:type_family": {
        "family": [ "aldeao" ]
      },
	  "minecraft:movement": {
	    "value": 0.25
	  },
      "minecraft:collision_box": {
        "width": 0.6,
        "height": 1.8
      },
      "minecraft:loot": {
        "table": "loot_tables/entities/aldeao.json"
      },
      "minecraft:health": {
        "value": 20
      },
      "minecraft:navigation.walk": {
        "can_float": true,
		"is_amphibious": true,
		"can_path_over_water": true,
        "avoid_water": true,
        "avoid_damage_blocks": true
      },
      "minecraft:movement.basic": {},
      "minecraft:jump.static": {},
      "minecraft:nameable": {},
      "minecraft:behavior.float": {
        "priority": 0
      },
	  "minecraft:interact": [
		{
		  "on_interact": {
			"filters": {
			  "all_of": [
				{ "test": "has_equipment", "subject": "other", "domain": "hand", "value": "wesl3y:dna_titan"},
                { "test" :  "is_family", "subject" : "other", "value" :  "player"}
			  ]
			},
			"event": "minecraft:event_titan_transformation"
		  },
		  "use_item": true,
		  "play_sounds": "remedy",
		  "interact_text": "action.interact.transform"
		}
	  ],
      "minecraft:behavior.random_stroll": {
        "priority": 6,
        "speed_multiplier": 0.7
      },
      "minecraft:behavior.avoid_mob_type": {
        "priority": 5,
        "entity_types": [
          {
            "filters": {
			  "test": "is_family",
              "subject": "other", 
			  "value": "titan"
            },
            "max_dist": 14,
            "walk_speed_multiplier": 0.3,
            "sprint_speed_multiplier": 0.25
          }
        ]
      },
      "minecraft:behavior.look_at_player": {
        "priority": 7,
        "look_distance": 6.0,
        "probability": 0.02
      },
      "minecraft:behavior.random_look_around": {
        "priority": 8
      },
	  "minecraft:physics": {
      }
    },
	
	"events": {
	  "minecraft:event_titan_transformation": {
	    "add": {
		  "component_groups": [
		    "minecraft:titan_transformation"
		  ]
		}
	  },
	  "minecraft:entity_spawned": {
	    "sequence": [
		  {
			"randomize": [
			  {
				"weight": 95,
				"add": {
				  "component_groups": [
					"minecraft:adult"
				  ]
				}
			  },
			  {
				"weight": 95,
				"add": {
				  "component_groups": [
					"minecraft:child"
				  ]
				}
			  },
			  {
				"weight": 95,
				"add": {
				  "component_groups": [
					"minecraft:vendedor"
				  ]
				}
			  }
			]
		  },
		  {
            "randomize": [
              {
                "weight": 1,
                "sequence": [
                  {
                    "randomize": [
                      {
                        "weight": 85,
                        "add": { "component_groups": [ "minecraft:variant_0" ] }
                      },
                      {
                        "weight": 85,
                        "add": { "component_groups": [ "minecraft:variant_1" ] }
                      },
                      {
                        "weight": 85,
                        "add": { "component_groups": [ "minecraft:variant_2" ] }
                      },
                      {
                        "weight": 85,
                        "add": { "component_groups": [ "minecraft:variant_3" ] }
                      },
                      {
                        "weight": 85,
                        "add": { "component_groups": [ "minecraft:variant_4" ] }
                      },
                      {
                        "weight": 85,
                        "add": { "component_groups": [ "minecraft:variant_5" ] }
                      },
                      {
                        "weight": 85,
                        "add": { "component_groups": [ "minecraft:variant_6" ] }
                      },
                      {
                        "weight": 85,
                        "add": { "component_groups": [ "minecraft:variant_7" ] }
                      },
                      {
                        "weight": 85,
                        "add": { "component_groups": [ "minecraft:variant_8" ] }
                      },
                      {
                        "weight": 85,
                        "add": { "component_groups": [ "minecraft:variant_9" ] }
                      },
                      {
                        "weight": 50,
                        "add": { "component_groups": [ "minecraft:variant_10" ] }
                      }
                    ]
                  }
                ]
              }
            ]
          }
        ]
      }
	}
  }
}