{
  "format_version": "1.8.0",
  "minecraft:entity": {
    "description": {
      "identifier": "wesl3y:eren",
      "is_spawnable": true,
      "is_summonable": true,
      "is_experimental": false
    },
	
	"component_groups": {
	  "minecraft:titan": {
	    "minecraft:transformation": {
		  "into": "wesl3y:titan_attack_transform",
          "transformation_sound": "fizz"
		}
	  }
	},
	
    "components": {
      "minecraft:type_family": {
        "family": [ "eren", "warrior" ]
      },
      "minecraft:boss": {
        "name": "Eren Jagger",
        "should_darken_sky": true,
        "hud_range": 20
      },
      "minecraft:damage_sensor": [
        {
          "on_damage": {
            "filters": {
			  "any_of": [
			    {"test": "is_family", "subject": "other", "value": "titan"},
			    {"test": "is_family", "subject": "other", "value": "titan_armored"},
			    {"test": "is_family", "subject": "other", "value": "titan_colossal"},
			    {"test": "is_family", "subject": "other", "value": "titan_femea"},
			    {"test": "is_family", "subject": "other", "value": "player"}
			  ],
			  "all_of": [
			    {"test": "has_damage", "value": "fatal"}
			  ]
            },
            "event": "minecraft:event_modo_titan"
          }
        },
		{
		  "cause": "entity_explosion",
		  "deals_damage": false
		}
      ],
      "minecraft:nameable": {
        "alwaysShow": true,
        "allowNameTagRenaming": true
      },
      "minecraft:breathable": {
        "totalSupply": 15,
        "suffocateTime": 0,
        "breathesWater": true
      },
      "minecraft:health": {
        "value": 20,
        "max": 20
      },
      "minecraft:collision_box": {
        "width": 0.6,
        "height": 1.8
      },
      "minecraft:attack": {
        "damage": 2
      },
      "minecraft:loot": {
        "table": "loot_tables/entities/warrior.json"
      },
      "minecraft:equipment": {
        "table": "loot_tables/entities/warrior2.json"
      },
      "minecraft:movement": {
        "value": 0.25
      },
      "minecraft:navigation.walk": {
        "can_path_over_water": true,
        "can_pass_doors": true,
        "can_open_doors": true,
        "avoid_water": true
      },
      "minecraft:movement.basic": {
      },
      "minecraft:jump.static": {
      },
      "minecraft:can_climb": {
      },
      "minecraft:scale": {
        "value": 1.0
      },
      "minecraft:behavior.nearest_attackable_target": {
        "priority": 5,
        "entity_types": [
          {
            "filters": {
              "any_of" : [
                {"test" : "is_family", "subject" : "other", "value" :  "titan"},
                {"test" : "is_family", "subject" : "other", "value" :  "titan_armored"},
                {"test" : "is_family", "subject" : "other", "value" :  "titan_colossal"}
              ]
            },
            "max_dist": 64
          }
        ],
        "must_see": false
      },
      "minecraft:behavior.melee_attack": {
        "priority": 5,
        "speed_multiplier": 0.36,
        "track_target": false
      },
      "minecraft:behavior.random_stroll": {
        "priority": 5,
        "speed_multiplier": 1
      },
        "minecraft:behavior.restrict_open_door": {
        "priority": 5
      },
      "minecraft:behavior.open_door": {
        "priority": 6,
        "close_door_after": true
      },
      "minecraft:behavior.look_at_player": {
        "priority": 6,
        "look_distance": 8
      },
      "minecraft:behavior.random_look_around": {
        "priority": 6
      },
      "minecraft:physics": {
      }
    },
	
	"events": {
	  "minecraft:event_modo_titan": {
	    "add": {
		  "component_groups": [
		    "minecraft:titan"
          ]
        }
      }
	}
  }
}