{
    "format_version": "1.8.0",
    "render_controllers": {
        "controller.render.espada": {
            "geometry": "Geometry.espada",
            "materials": [{
                    "*": "Material.default"
                }
            ],
            "textures": ["Texture.espada"],
            "part_visibility": [{
                    "*": "query.get_equipped_item_name=='espada'"
                }
            ]
        },
        "controller.render.espada.third_person": {
            "geometry": "Geometry.espada",
            "materials": [{
                    "*": "Material.default"
                }
            ],
            "textures": ["Texture.espada"],
            "part_visibility": [{
                    "*": "query.get_equipped_item_name=='espada'"
                }
            ]
        },
        "controller.render.espada.first_person": {
            "geometry": "Geometry.espada",
            "materials": [{
                    "*": "Material.default"
                }
            ],
            "textures": ["Texture.espada"],
            "part_visibility": [{
                    "*": "query.get_equipped_item_name=='espada'"
                }
            ]
        }
    }
}