{
  "format_version": "1.10.0",
  "minecraft:attachable": {
    "description": {
      "identifier": "skc:tita_encou.player",
      "item": { "skc:tita_encou": "query.owner_identifier == 'minecraft:player'" },
      "materials": {
        "default": "skeleton",
        "enchanted": "armor_enchanted"
      },
      "textures": {
        "default": "textures/armor/tita_encou",
        "enchanted": "textures/misc/enchanted_item_glint"
      },
      "geometry": {
        "default": "geometry.tita_encou"
      },
      "scripts": {
        "parent_setup": "variable.helmet_layer_visible = 0.0;"
      },
      "render_controllers": [ "controller.render.armor" ]
    }
  }
}
