{
  "format_version": "1.13.0",
  "minecraft:entity": {
    "description": {
      "identifier": "minecraft:player",
      "is_spawnable": false,
      "is_summonable": false,
      "is_experimental": false,
      "scripts": {
        "animate": [
          "equip_3d",
          "tita_ataque",
          "tita_colossal",
          "tita_encou"
        ]
      },
      "animations": {
        "equip_3d": "controller.animation.equip_3d",
        "tita_ataque": "controller.animation.tita_ataque",
        "tita_colossal": "controller.animation.tita_colossal",
        "tita_encou": "controller.animation.tita_encou"
      }
    },

    "component_groups": {
      "minecraft:normal_player": {
        "minecraft:variant": {
          "value": 0
        },
        "minecraft:scale": {
          "value": 1.0
        },
        "minecraft:health": {
          "value": 20,
          "max": 20
        },
        "minecraft:attack": {
          "damage": 2
        },
        "minecraft:spell_effects": {
          "remove_effects": [
            "speed",
            "jump_boost",
            "resistance",
            "water_breathing",
            "regeneration",
            "fire_resistance",
            "slow_falling",
            "night_vision",
            "strength",
            "slowness"
          ]
        }
      },
      "minecraft:equip_3d": {
        "minecraft:variant": {
          "value": 1
        },
        "minecraft:scale": {
          "value": 1.0
        },
        "minecraft:health": {
          "value": 20,
          "max": 20
        },
        "minecraft:attack": {
          "damage": 4
        },
        "minecraft:spell_effects": {
          "add_effects": [
            {
              "effect": "speed",
              "duration": 0,
              "amplifier": 1,
              "visible": false
            },
            {
              "effect": "jump_boost",
              "duration": 0,
              "amplifier": 1,
              "visible": false
            }
          ]
        }
      },
      "minecraft:tita_ataque": {
        "minecraft:variant": {
          "value": 2
        },
        "minecraft:scale": {
          "value": 2.5
        },
        "minecraft:health": {
          "value": 20,
          "max": 20
        },
        "minecraft:attack": {
          "damage": 10
        },
        "minecraft:spell_effects": {
          "add_effects": [
            {
              "effect": "speed",
              "duration": 0,
              "amplifier": 2,
              "visible": false
            },
            {
              "effect": "jump_boost",
              "duration": 0,
              "amplifier": 2,
              "visible": false
            },
            {
              "effect": "regeneration",
              "duration": 0,
              "amplifier": 2,
              "visible": false
            }
          ]
        }
      },
      "minecraft:tita_colossal": {
        "minecraft:variant": {
          "value": 3
        },
        "minecraft:scale": {
          "value": 5.5
        },
        "minecraft:health": {
          "value": 40,
          "max": 40
        },
        "minecraft:attack": {
          "damage": 13
        },
        "minecraft:spell_effects": {
          "add_effects": [
            {
              "effect": "speed",
              "duration": 0,
              "amplifier": 2,
              "visible": false
            },
            {
              "effect": "jump_boost",
              "duration": 0,
              "amplifier": 2,
              "visible": false
            },
            {
              "effect": "slowness",
              "duration": 0,
              "amplifier": 2,
              "visible": false
            }
          ]
        }
      },
      "minecraft:tita_encou": {
        "minecraft:variant": {
          "value": 4
        },
        "minecraft:scale": {
          "value": 2.5
        },
        "minecraft:health": {
          "value": 20,
          "max": 20
        },
        "minecraft:attack": {
          "damage": 10
        },
        "minecraft:spell_effects": {
          "add_effects": [
            {
              "effect": "speed",
              "duration": 0,
              "amplifier": 2,
              "visible": false
            },
            {
              "effect": "jump_boost",
              "duration": 0,
              "amplifier": 2,
              "visible": false
            },
            {
              "effect": "regeneration",
              "duration": 0,
              "amplifier": 2,
              "visible": false
            }
          ]
        }
      },
 "skc:espada": {
      
         "minecraft:attack": {
       
             "damage": 6
          }  
       },
 "skc:espada2": {
      
         "minecraft:attack": {
       
             "damage": 12
        }
      },
      "minecraft:add_bad_omen": {
        "minecraft:spell_effects": {
          "add_effects": [
            {
              "effect": "bad_omen",
              "duration": 6000,
              "display_on_screen_animation": true
            }
          ]
        },
        "minecraft:timer": {
          "time": [ 0.0, 0.0 ],
          "looping": false,
          "time_down_event": {
            "event": "minecraft:clear_add_bad_omen",
            "target": "self"
          }
        }
      },
      "minecraft:clear_bad_omen_spell_effect": {
        "minecraft:spell_effects": {
        }
      },
      "minecraft:raid_trigger": {
        "minecraft:raid_trigger": {
          "triggered_event": {
            "event": "minecraft:remove_raid_trigger",
            "target": "self"

          }
        },
        "minecraft:spell_effects": {
          "remove_effects": "bad_omen"
        }
      }
    },

    "components": {
      "minecraft:experience_reward": {
        "on_death": "Math.Min(query.player_level * 7, 100)"
      },
      "minecraft:type_family": {
        "family": [ "player" ]
      },
      "minecraft:is_hidden_when_invisible": {
      },
      "minecraft:loot": {
        "table": "loot_tables/empty.json"
      },
      "minecraft:collision_box": {
        "width": 0.6,
        "height": 1.8
      },
      "minecraft:can_climb": {
      },
      "minecraft:movement": {
        "value": 0.1
      },
      "minecraft:hurt_on_condition": {
        "damage_conditions": [
          {
            "filters": { "test": "in_lava", "subject": "self", "operator": "==", "value": true },
            "cause": "lava",
            "damage_per_tick": 4
          }
        ]
      },
      "minecraft:attack": {
        "damage": 1
      },
      "minecraft:player.saturation": {
        "value": 20
      },
      "minecraft:player.exhaustion": {
        "value": 0,

        "max": 4
      },
      "minecraft:player.level": {
        "value": 0,
        "max": 24791
      },
      "minecraft:player.experience": {
        "value": 0,
        "max": 1
      },
      "minecraft:breathable": {
        "total_supply": 15,
        "suffocate_time": -1,
        "inhale_time": 3.75,
        "generates_bubbles": false
      },
      "minecraft:nameable": {
        "always_show": true,
        "allow_name_tag_renaming": false
      },
      "minecraft:physics": {
      },
      "minecraft:pushable": {
        "is_pushable": false,
        "is_pushable_by_piston": true
      },
      "minecraft:insomnia": {
        "days_until_insomnia": 3
      },
      "minecraft:rideable": {
        "seat_count": 2,
        "family_types": [
          "parrot_tame"
        ],
        "pull_in_entities": true,
        "seats": [
          {
            "position": [ 0.4, -0.2, -0.1 ],
            "min_rider_count": 0,
            "max_rider_count": 0,
            "lock_rider_rotation": 0
          },
          {
            "position": [ -0.4, -0.2, -0.1 ],
            "min_rider_count": 1,
            "max_rider_count": 2,
            "lock_rider_rotation": 0
          }
        ]
      },
      "minecraft:scaffolding_climber": {},
      "minecraft:environment_sensor": {
        "triggers": [
          {
            "filters": {
              "all_of": [
                {
                  "test": "has_mob_effect",
                  "subject": "self",
                  "value": "bad_omen"
                },
                {
                  "test": "is_in_village",
                  "subject": "self",
                  "value": true
                }
              ]
            },
            "event": "minecraft:trigger_raid"
          },
          {
            "filters": {
              "all_of": [
                {
                  "test": "is_variant",
                  "operator": "!=",
                  "value": 0
                },
                {
                  "test": "has_equipment",
                  "domain": "head",
                  "operator": "!=",
                  "value": "skc:equip_3d"
                },
                {
                  "test": "has_equipment",
                  "domain": "head",
                  "operator": "!=",
                  "value": "skc:tita_ataque"
                },
                {
                  "test": "has_equipment",
                  "domain": "head",
                  "operator": "!=",
                  "value": "skc:tita_colossal"
                },
                {
                  "test": "has_equipment",
                  "domain": "head",
                  "operator": "!=",
                  "value": "skc:tita_encou"
                }
              ]
            },
            "event": "minecraft:event_normal_player"
          },
          {
            "filters": {
              "all_of": [
                {
                  "test": "has_equipment",
                  "domain": "head",
                  "value": "skc:equip_3d"
                },
                {
                  "test": "is_variant",
                  "operator": "!=",
                  "value": 1
                }
              ]
            },
            "event": "minecraft:equip_3d"
          },
          {
            "filters": {
              "all_of": [
                {
                  "test": "has_equipment",
                  "domain": "head",
                  "value": "skc:tita_ataque"
                },
                {
                  "test": "is_variant",
                  "operator": "!=",
                  "value": 2
                }
              ]
            },
            "event": "minecraft:tita_ataque"
          },
          {
            "filters": {
              "all_of": [
                {
                  "test": "has_equipment",
                  "domain": "head",
                  "value": "skc:tita_colossal"
                },
                {
                  "test": "is_variant",
                  "operator": "!=",
                  "value": 3
                }
              ]
            },
            "event": "minecraft:tita_colossal"
          },
          {
            "filters": {
              "all_of": [
                {
                  "test": "has_equipment",
                  "domain": "head",
                  "value": "skc:tita_encou"
                },
                {
                  "test": "is_variant",
                  "operator": "!=",
                  "value": 4
                }
              ]
            },
            "event": "minecraft:tita_encou"
          }
        ]
      }
    },
    "events": {
      "minecraft:event_normal_player": {
        "add": {
          "component_groups": [
            "minecraft:normal_player"
          ]
        },
        "remove": {
          "component_groups": [
            "minecraft:equip_3d",
            "minecraft:tita_ataque",
            "minecraft:tita_colossal",
            "minecraft:tita_encou"
          ]
        }
      },
      "minecraft:equip_3d": {
        "add": {
          "component_groups": [
            "minecraft:equip_3d"
          ]
        }
      },
      "minecraft:tita_ataque": {
        "add": {
          "component_groups": [
            "minecraft:tita_ataque"
          ]
        }
      },
      "minecraft:tita_colossal": {
        "add": {
          "component_groups": [
            "minecraft:tita_colossal"
          ]
        }
      },
      "minecraft:tita_encou": {
        "add": {
          "component_groups": [
            "minecraft:tita_encou"
          ]
        }
      },
      "minecraft:gain_bad_omen": {
        "add": {
          "component_groups": [
            "minecraft:add_bad_omen"
          ]
        }
      },
      "minecraft:clear_add_bad_omen": {
        "remove": {
          "component_groups": [
            "minecraft:add_bad_omen"
          ]
        },
        "add": {
          "component_groups": [
            "minecraft:clear_bad_omen_spell_effect"
          ]
        }
      },
      "minecraft:trigger_raid": {
        "add": {
          "component_groups": [ "minecraft:raid_trigger" ]
        }
      },
      "minecraft:remove_raid_trigger": {
        "remove": {
          "component_groups": [ "minecraft:raid_trigger" ]
        }
      }
    }
  }
}