{
    "pools": [
     {
        "rolls": 1,
        "entries": [
          {
            "type": "item",
            "name": "wesl3y:lamina",
            "weight": 1,
            "functions": [
              {
                "function": "set_count",
                "count": {
                  "min": 0,
                  "max": 2
                }
              },
              {
                "function": "looting_enchant",
                "count": {
                  "min": 0,
                  "max": 1
              }
            }
          ]
        }
      ]
    }
  ]
}