{
  "format_version": "1.8.0",
  "minecraft:entity": {
	"description": {
      "identifier": "wesl3y:knocked_titan_femea",
      "is_spawnable": false,
      "is_summonable": true,
      "is_experimental": false
    },
	
	"component_groups": {
	  "minecraft:human": {
	    "minecraft:transformation": {
		  "into": "wesl3y:annie",
          "transformation_sound": "fizz"
		}
	  },
	  "minecraft:titan": {
	    "minecraft:transformation": {
		  "into": "wesl3y:titan_femea",
          "transformation_sound": "fizz"
		}
	  },
	  "minecraft:modo_human": {
		"minecraft:timer": {
		  "looping": false,
		  "randomInterval": true,
		  "time": [ 5.0, 10.0 ],
		  "time_down_event": {
		    "event": "minecraft:event_human"
		  }
		}
	  },
	  "minecraft:modo_titan": {
		"minecraft:timer": {
		  "looping": false,
		  "randomInterval": true,
		  "time": [ 5.0, 10.0 ],
		  "time_down_event": {
		    "event": "minecraft:event_titan"
		  }
		}
	  }
	},
	
    "components": {
      "minecraft:fire_immune": true,
      "minecraft:type_family": {
        "family": [ "titan", "titan_femea" ]
      },
      "minecraft:is_stackable": {
      },
      "minecraft:push_through": {
        "value": 1
      },
      "minecraft:collision_box": {
        "width": 0.6,
        "height": 0.6
      },
      "minecraft:loot": {
        "table": "loot_tables/entities/titan_femea.json"
      },
      "minecraft:health": {
        "value": 100
      },
	  "minecraft:scale": {
		"value": 3.0
	  },
	  "minecraft:physics": {
      }
    },
	
	"events": {
	  "minecraft:event_human": {
	    "add": {
		  "component_groups": [
		    "minecraft:human"
		  ]
		}
	  },
	  "minecraft:event_titan": {
	    "add": {
		  "component_groups": [
		    "minecraft:titan"
		  ]
		}
	  },
      "minecraft:entity_transformed": {
	    "sequence": [
	      {
            "randomize": [
              {
                "weight": 1,
                "sequence": [
                  {
                    "randomize": [
                      {
                        "weight": 50,
                        "add": { "component_groups": [ "minecraft:modo_human" ] }
                      },
                      {
                        "weight": 50,
                        "add": { "component_groups": [ "minecraft:modo_titan" ] }
                      }
                    ]
                  }
                ]
              }
            ]
          }
        ]
      }
	}
  }
}