{
  "format_version": "1.12",
  "minecraft:recipe_shaped": {
    "description": {
    "identifier": "minecraft:fishing_rod"
    },

    
    "tags": [ "crafting_table" ],
    "pattern": [
      " X#",
      "XA#",
      "A #"
    ],
    "key": {
      "#": {
        "item": "minecraft:string"
      },
      "X": {
        "item": "minecraft:leather"
      },
      "A": {
        "item": "minecraft:iron_block"  
      }
    },
    "result": {
      "item": "minecraft:fishing_rod"
    }
  }
}
