{
  "resource_pack_name": "vanilla",
  "texture_name": "atlas.items",
  "texture_data": {
    "soro_tita": {
      "textures": "textures/items/soro_tita"
    },
    "dna_tita_ataque": {
      "textures": "textures/items/dna_tita_ataque"
    },
    "dna_tita_colossal": {
      "textures": "textures/items/dna_tita_colossal"
    },
    "dna_tita_encou": {
      "textures": "textures/items/dna_tita_encou"
    },
    "tita_ataque": {
      "textures": "textures/items/tita_ataque"
    },
    "tita_colossal": {
      "textures": "textures/items/tita_colossal"
    },
    "tita_encou": {
      "textures": "textures/items/tita_encou"
    },
    "lamina": {
      "textures": "textures/items/lamina"
    },
"espada": {
      "textures": "textures/items/espada"
    },
"equip_3d": {
      "textures": "textures/items/equip_3d"
    },
"cilindro": {
      "textures": "textures/items/cilindro"
    },
"helice": {
      "textures": "textures/items/helice"
    },
"espada2": {
      "textures": "textures/items/espada2"
    }
  }
}