{
  "format_version": "1.8.0",
  "minecraft:entity": {
	"description": {
      "identifier": "wesl3y:titan_regular",
      "is_spawnable": true,
      "is_summonable": true,
      "is_experimental": false
    },
	
	"component_groups": {
	  "minecraft:variant_0": {
	    "minecraft:variant": {
		  "value": 0
		}
	  },
	  "minecraft:variant_1": {
	    "minecraft:variant": {
		  "value": 1
		}
	  },
	  "minecraft:variant_2": {
	    "minecraft:variant": {
		  "value": 2
		}
	  },
	  "minecraft:variant_3": {
	    "minecraft:variant": {
		  "value": 3
		}
	  },
	  "minecraft:variant_4": {
	    "minecraft:variant": {
		  "value": 4
		}
	  },
	  "minecraft:variant_5": {
	    "minecraft:variant": {
		  "value": 5
		}
	  },
	  "minecraft:variant_6": {
	    "minecraft:variant": {
		  "value": 6
		}
	  },
	  "minecraft:15_meter": {
	    "minecraft:scale": {
		  "value": 3.0
		},
		"minecraft:health": {
		  "value": 24
		},
		"minecraft:attack": {
		  "damage": 4
		},
		"minecraft:movement": {
		  "value": {
		    "range_min": 0.2,
		    "range_max": 0.25
		  }
		}
	  },
	  "minecraft:10_meter": {
	    "minecraft:scale": {
		  "value": 2.5
		},
		"minecraft:health": {
		  "value": 22
		},
		"minecraft:attack": {
		  "damage": 3
		},
		"minecraft:movement": {
		  "value": {
		    "range_min": 0.2,
		    "range_max": 0.28
		  }
		}
	  },
	  "minecraft:5_meter": {
	    "minecraft:scale": {
		  "value": 2.0
		},
		"minecraft:health": {
		  "value": 20
		},
		"minecraft:attack": {
		  "damage": 2
		},
		"minecraft:movement": {
		  "value": {
		    "range_min": 0.3,
		    "range_max": 0.34
		  }
		}
	  }
	},
	
    "components": {
      "minecraft:type_family": {
        "family": [ "titan" ]
      },
      "minecraft:loot": {
        "table": "loot_tables/entities/titan.json"
      },
      "minecraft:nameable": {
        "alwaysShow": true,
        "allowNameTagRenaming": true
      },
      "minecraft:breathable": {
        "totalSupply": 15,
        "suffocateTime": 0,
        "breathesWater": true
      },
      "minecraft:collision_box": {
        "width": 0.6,
        "height": 1.8
      },
      "minecraft:navigation.walk": {
        "can_path_over_water": true,
        "can_pass_doors": true,
        "can_open_doors": true,
        "avoid_water": true
      },
      "minecraft:movement.basic": {
      },
      "minecraft:jump.static": {
      },
      "minecraft:can_climb": {
      },
      "minecraft:behavior.nearest_attackable_target": {
        "priority": 5,
        "entity_types": [
          {
            "filters": {
              "any_of" : [
                {"test" : "is_family", "subject" : "other", "value" :  "player"},
                {"test" : "is_family", "subject" : "other", "value" :  "aldeao"},
                {"test" : "is_family", "subject" : "other", "value" :  "warrior"},
                {"test" : "is_family", "subject" : "other", "value" :  "titan_armored"},
                {"test" : "is_family", "subject" : "other", "value" :  "titan_attack"},
                {"test" : "is_family", "subject" : "other", "value" :  "titan_colossal"},
                {"test" : "is_family", "subject" : "other", "value" :  "titan_femea"}
              ]
            },
            "max_dist": 64
          }
        ],
        "must_see": false
      },
      "minecraft:behavior.melee_attack": {
        "priority": 4,
        "track_target": false
      },
      "minecraft:behavior.random_stroll": {
        "priority": 5,
        "speed_multiplier": 1
      },
        "minecraft:behavior.restrict_open_door": {
        "priority": 5
      },
      "minecraft:behavior.open_door": {
        "priority": 6,
        "close_door_after": true
      },
      "minecraft:behavior.look_at_player": {
        "priority": 6,
        "look_distance": 8
      },
      "minecraft:behavior.random_look_around": {
        "priority": 6
      },
      "minecraft:physics": {
      }
    },

    "events": {
      "minecraft:entity_spawned": {
	    "sequence": [
		  {
			"randomize": [
			  {
				"weight": 95,
				"add": {
				  "component_groups": [
					"minecraft:15_meter"
				  ]
				}
			  },
			  {
				"weight": 95,
				"add": {
				  "component_groups": [
					"minecraft:10_meter"
				  ]
				}
			  },
			  {
				"weight": 95,
				"add": {
				  "component_groups": [
					"minecraft:5_meter"
				  ]
				}
			  }
			]
		  },
	      {
            "randomize": [
              {
                "weight": 1,
                "sequence": [
                  {
                    "randomize": [
                      {
                        "weight": 85,
                        "add": { "component_groups": [ "minecraft:variant_0" ] }
                      },
                      {
                        "weight": 85,
                        "add": { "component_groups": [ "minecraft:variant_1" ] }
                      },
                      {
                        "weight": 85,
                        "add": { "component_groups": [ "minecraft:variant_2" ] }
                      },
                      {
                        "weight": 85,
                        "add": { "component_groups": [ "minecraft:variant_3" ] }
                      },
                      {
                        "weight": 85,
                        "add": { "component_groups": [ "minecraft:variant_4" ] }
                      },
                      {
                        "weight": 85,
                        "add": { "component_groups": [ "minecraft:variant_5" ] }
                      },
                      {
                        "weight": 85,
                        "add": { "component_groups": [ "minecraft:variant_6" ] }
                      }
                    ]
                  }
                ]
              }
            ]
          }
        ]
      },
      "minecraft:entity_transformed": {
	    "sequence": [
		  {
			"randomize": [
			  {
				"weight": 95,
				"add": {
				  "component_groups": [
					"minecraft:15_meter"
				  ]
				}
			  },
			  {
				"weight": 95,
				"add": {
				  "component_groups": [
					"minecraft:10_meter"
				  ]
				}
			  },
			  {
				"weight": 95,
				"add": {
				  "component_groups": [
					"minecraft:5_meter"
				  ]
				}
			  }
			]
		  },
	      {
            "randomize": [
              {
                "weight": 1,
                "sequence": [
                  {
                    "randomize": [
                      {
                        "weight": 85,
                        "add": { "component_groups": [ "minecraft:variant_0" ] }
                      },
                      {
                        "weight": 85,
                        "add": { "component_groups": [ "minecraft:variant_1" ] }
                      },
                      {
                        "weight": 85,
                        "add": { "component_groups": [ "minecraft:variant_2" ] }
                      },
                      {
                        "weight": 85,
                        "add": { "component_groups": [ "minecraft:variant_3" ] }
                      },
                      {
                        "weight": 85,
                        "add": { "component_groups": [ "minecraft:variant_4" ] }
                      },
                      {
                        "weight": 85,
                        "add": { "component_groups": [ "minecraft:variant_5" ] }
                      },
                      {
                        "weight": 85,
                        "add": { "component_groups": [ "minecraft:variant_6" ] }
                      }
                    ]
                  }
                ]
              }
            ]
          }
        ]
      }
	}
  }
}