{
  "format_version": "1.8.0",
  "minecraft:entity": {
    "description": {
      "identifier": "wesl3y:titan_armored",
      "is_spawnable": true,
      "is_summonable": true,
      "is_experimental": false
    },
	
	"component_groups": {
	  "minecraft:knocked_armored": {
	    "minecraft:transformation": {
		  "into": "wesl3y:knocked_titan_armored",
          "transformation_sound": "fizz"
		}
	  },
	  "minecraft:modo_calma": {
	    "minecraft:variant": {
		  "value": 0
		},
		"minecraft:attack": {
		  "damage": 20
		},
		"minecraft:movement": {
		  "value": 0.2
		},
		"minecraft:timer": {
		  "looping": false,
		  "randomInterval": true,
		  "time": [ 5.0, 10.0 ],
		  "time_down_event": {
		    "event": "minecraft:event_modo_attack"
		  }
		}
	  },
	  "minecraft:modo_attack": {
	    "minecraft:variant": {
		  "value": 1
		},
		"minecraft:attack": {
		  "damage": 24
		},
		"minecraft:movement": {
		  "value": 0.36
		},
		"minecraft:timer": {
		  "looping": false,
		  "randomInterval": true,
		  "time": [ 5.0, 8.0 ],
		  "time_down_event": {
		    "event": "minecraft:event_modo_calma"
		  }
		}
	  }
	},
	
    "components": {
      "minecraft:type_family": {
        "family": [ "reiner", "titan_armored" ]
      },
      "minecraft:boss": {
        "name": "Titan Encouraçado",
        "should_darken_sky": true,
        "hud_range": 80
      },
      "minecraft:damage_sensor": [
        {
          "on_damage": {
            "filters": {
			  "any_of": [
			    {"test": "is_family", "subject": "other", "value": "warrior"},
			    {"test": "is_family", "subject": "other", "value": "titan_attack"},
			    {"test": "is_family", "subject": "other", "value": "player"}
			  ],
			  "all_of": [
			    {"test": "has_damage", "value": "fatal"}
			  ]
            },
            "event": "minecraft:event_knocked_armored"
          }
        },
		{
		  "cause": "entity_explosion",
		  "deals_damage": false
		}
      ],
      "minecraft:nameable": {
        "alwaysShow": true,
        "allowNameTagRenaming": true
      },
      "minecraft:breathable": {
        "totalSupply": 15,
        "suffocateTime": 0,
        "breathesWater": true
      },
      "minecraft:health": {
        "value": 100,
        "max": 100
      },
      "minecraft:collision_box": {
        "width": 0.6,
        "height": 1.8
      },
      "minecraft:navigation.walk": {
        "can_path_over_water": true,
        "can_pass_doors": true,
        "can_open_doors": true,
        "avoid_water": true
      },
      "minecraft:movement.basic": {
      },
      "minecraft:jump.static": {
      },
      "minecraft:can_climb": {
      },
      "minecraft:scale": {
        "value": 3.0
      },
      "minecraft:behavior.nearest_attackable_target": {
        "priority": 8,
        "entity_types": [
          {
            "filters": {
              "any_of" : [
                {"test" : "is_family", "subject" : "other", "value" :  "player"},
                {"test" : "is_family", "subject" : "other", "value" :  "warrior"},
                {"test" : "is_family", "subject" : "other", "value" :  "titan_attack"}
              ]
            },
            "max_dist": 64
          }
        ],
        "must_see": false
      },
      "minecraft:behavior.melee_attack": {
        "priority": 4,
        "track_target": false
      },
      "minecraft:behavior.random_stroll": {
        "priority": 5,
        "speed_multiplier": 1
      },
        "minecraft:behavior.restrict_open_door": {
        "priority": 5
      },
      "minecraft:behavior.open_door": {
        "priority": 6,
        "close_door_after": true
      },
      "minecraft:behavior.look_at_player": {
        "priority": 6,
        "look_distance": 8
      },
      "minecraft:behavior.random_look_around": {
        "priority": 6
      },
      "minecraft:physics": {
      }
    },

    "events": {
	  "minecraft:event_modo_calma": {
	    "add": {
		  "component_groups": [
		    "minecraft:modo_calma"
		  ]
		},
		"remove": {
		  "component_groups": [
		    "minecraft:modo_attack"
		  ]
		}
	  },
	  "minecraft:event_modo_attack": {
	    "add": {
		  "component_groups": [
		    "minecraft:modo_attack"
		  ]
		},
		"remove": {
		  "component_groups": [
		    "minecraft:modo_calma"
		  ]
		}
	  },
	  "minecraft:event_knocked_armored": {
	    "add": {
		  "component_groups": [
		    "minecraft:knocked_armored"
		  ]
		}
	  },
      "minecraft:entity_spawned": {
	    "sequence": [
	      {
            "randomize": [
              {
                "weight": 1,
                "sequence": [
                  {
                    "randomize": [
                      {
                        "weight": 50,
                        "add": { "component_groups": [ "minecraft:modo_calma" ] }
                      },
                      {
                        "weight": 50,
                        "add": { "component_groups": [ "minecraft:modo_attack" ] }
                      }
                    ]
                  }
                ]
              }
            ]
          }
        ]
      },
      "minecraft:entity_transformed": {
	    "sequence": [
	      {
            "randomize": [
              {
                "weight": 1,
                "sequence": [
                  {
                    "randomize": [
                      {
                        "weight": 50,
                        "add": { "component_groups": [ "minecraft:modo_calma" ] }
                      },
                      {
                        "weight": 50,
                        "add": { "component_groups": [ "minecraft:modo_attack" ] }
                      }
                    ]
                  }
                ]
              }
            ]
          }
        ]
      }
	}
  }
}